[0m07:27:17.999527 [debug] [MainThread]: Sending event: {'category': 'dbt', 'action': 'invocation', 'label': 'start', 'context': [<snowplow_tracker.self_describing_json.SelfDescribingJson object at 0x77d20fa4a7b0>, <snowplow_tracker.self_describing_json.SelfDescribingJson object at 0x77d20e47fed0>, <snowplow_tracker.self_describing_json.SelfDescribingJson object at 0x77d20e47f890>]}


============================== 07:27:18.288781 | 4d56e3df-5870-4004-aa17-b83d0f70b88a ==============================
[0m07:27:18.288781 [info ] [MainThread]: Running with dbt=1.12.0
[0m07:27:18.290929 [debug] [MainThread]: running dbt with arguments {'log_path': '/opt/airflow/walmart_project/logs', 'warn_error_options': 'WarnErrorOptionsV2(error=[], warn=[], silence=[])', 'partial_parse': 'True', 'static_parser': 'True', 'no_print': 'None', 'log_cache_events': 'False', 'maximum_seed_size_mib': '1', 'indirect_selection': 'eager', 'target_path': 'None', 'fail_fast': 'False', 'write_json': 'True', 'debug': 'False', 'profiles_dir': '/opt/airflow/walmart_project', 'invocation_command': 'dbt source freshness', 'introspect': 'True', 'use_experimental_parser': 'False', 'warn_error': 'None', 'quiet': 'False', 'hints_enabled': 'True', 'printer_width': '80', 'cache_selected_only': 'False', 'version_check': 'True', 'empty': 'None', 'log_format': 'default', 'use_colors': 'True', 'send_anonymous_usage_stats': 'True'}
[0m07:27:20.374176 [debug] [MainThread]: Spark adapter: Setting pyhive.hive logging to ERROR
[0m07:27:20.375852 [debug] [MainThread]: Spark adapter: Setting thrift.transport logging to ERROR
[0m07:27:20.377577 [debug] [MainThread]: Spark adapter: Setting thrift.protocol logging to ERROR
[0m07:27:26.220264 [debug] [MainThread]: Sending event: {'category': 'dbt', 'action': 'project_id', 'label': '4d56e3df-5870-4004-aa17-b83d0f70b88a', 'context': [<snowplow_tracker.self_describing_json.SelfDescribingJson object at 0x77d20f6a5a70>]}
[0m07:27:26.325317 [debug] [MainThread]: Sending event: {'category': 'dbt', 'action': 'adapter_info', 'label': '4d56e3df-5870-4004-aa17-b83d0f70b88a', 'context': [<snowplow_tracker.self_describing_json.SelfDescribingJson object at 0x77d1ec05e9c0>]}
[0m07:27:26.328295 [info ] [MainThread]: Registered adapter: databricks=1.12.4
[0m07:27:26.497132 [debug] [MainThread]: checksum: 678a63b8c943f3e6b7f980b9e41a0fbb4f4f4ddaf0d88f2a1aa6f584106916d4, vars: {}, profile: walmart_project, target: dev, version: 1.12.0
[0m07:27:26.502866 [info ] [MainThread]: Unable to do partial parsing because saved manifest not found. Starting full parse.
[0m07:27:26.504854 [debug] [MainThread]: Sending event: {'category': 'dbt', 'action': 'partial_parser', 'label': '4d56e3df-5870-4004-aa17-b83d0f70b88a', 'context': [<snowplow_tracker.self_describing_json.SelfDescribingJson object at 0x77d1ec192d50>]}
[0m07:27:33.857481 [debug] [MainThread]: Sending event: {'category': 'dbt', 'action': 'load_project', 'label': '4d56e3df-5870-4004-aa17-b83d0f70b88a', 'context': [<snowplow_tracker.self_describing_json.SelfDescribingJson object at 0x77d1e7b73f20>]}
[0m07:27:34.373374 [debug] [MainThread]: Wrote artifact WritableManifest to /opt/airflow/walmart_project/target/manifest.json
[0m07:27:34.386429 [debug] [MainThread]: Wrote artifact SemanticManifest to /opt/airflow/walmart_project/target/semantic_manifest.json
[0m07:27:34.451460 [debug] [MainThread]: Wrote artifact OsiDocument to /opt/airflow/walmart_project/target/osi_document.json
[0m07:27:34.501108 [debug] [MainThread]: Sending event: {'category': 'dbt', 'action': 'resource_counts', 'label': '4d56e3df-5870-4004-aa17-b83d0f70b88a', 'context': [<snowplow_tracker.self_describing_json.SelfDescribingJson object at 0x77d1e64e0e50>]}
[0m07:27:34.503889 [info ] [MainThread]: Found 13 models, 5 snapshots, 4 data tests, 6 sources, 774 macros
[0m07:27:34.506589 [debug] [MainThread]: Sending event: {'category': 'dbt', 'action': 'runnable_timing', 'label': '4d56e3df-5870-4004-aa17-b83d0f70b88a', 'context': [<snowplow_tracker.self_describing_json.SelfDescribingJson object at 0x77d1e6590bb0>]}
[0m07:27:34.513716 [warn ] [MainThread]: [[33mWARNING[0m]: Nothing to do. Try checking your model configs and model specification args
[0m07:27:34.777967 [debug] [MainThread]: Wrote artifact WritableManifest to /opt/airflow/walmart_project/target/manifest.json
[0m07:27:34.788993 [debug] [MainThread]: Wrote artifact SemanticManifest to /opt/airflow/walmart_project/target/semantic_manifest.json
[0m07:27:34.800725 [debug] [MainThread]: Wrote artifact OsiDocument to /opt/airflow/walmart_project/target/osi_document.json
[0m07:27:34.814920 [debug] [MainThread]: Wrote artifact FreshnessResult to /opt/airflow/walmart_project/target/sources.json
[0m07:27:34.816574 [info ] [MainThread]: Done.
[0m07:27:34.821775 [debug] [MainThread]: Resource report: {"command_name": "freshness", "command_success": true, "command_wall_clock_time": 17.035004, "process_in_blocks": "287457", "process_kernel_time": 4.8202, "process_mem_max_rss": "294416", "process_out_blocks": "18664", "process_user_time": 16.395926}
[0m07:27:34.824237 [debug] [MainThread]: Command `dbt source freshness` succeeded at 07:27:34.823839 after 17.04 seconds
[0m07:27:34.826600 [debug] [MainThread]: Sending event: {'category': 'dbt', 'action': 'invocation', 'label': 'end', 'context': [<snowplow_tracker.self_describing_json.SelfDescribingJson object at 0x77d20e642690>, <snowplow_tracker.self_describing_json.SelfDescribingJson object at 0x77d1e6486990>, <snowplow_tracker.self_describing_json.SelfDescribingJson object at 0x77d1e6486d00>]}
[0m07:27:34.828596 [debug] [MainThread]: Flushing usage events
[0m07:27:36.293467 [debug] [MainThread]: An error was encountered while trying to flush usage events
[0m07:27:42.633817 [debug] [MainThread]: Sending event: {'category': 'dbt', 'action': 'invocation', 'label': 'start', 'context': [<snowplow_tracker.self_describing_json.SelfDescribingJson object at 0x7d3a7cb6e3c0>, <snowplow_tracker.self_describing_json.SelfDescribingJson object at 0x7d3a7f7c9090>, <snowplow_tracker.self_describing_json.SelfDescribingJson object at 0x7d3a7b53fc50>]}


============================== 07:27:42.641134 | e80c1856-ad4c-4557-9b9f-323b2fdb984d ==============================
[0m07:27:42.641134 [info ] [MainThread]: Running with dbt=1.12.0
[0m07:27:42.643180 [debug] [MainThread]: running dbt with arguments {'warn_error': 'None', 'cache_selected_only': 'False', 'log_cache_events': 'False', 'use_experimental_parser': 'False', 'use_colors': 'True', 'fail_fast': 'False', 'warn_error_options': 'WarnErrorOptionsV2(error=[], warn=[], silence=[])', 'write_json': 'True', 'debug': 'False', 'printer_width': '80', 'maximum_seed_size_mib': '1', 'log_path': '/opt/airflow/walmart_project/logs', 'invocation_command': 'dbt run --select silver_t', 'profiles_dir': '/opt/airflow/walmart_project', 'log_format': 'default', 'hints_enabled': 'True', 'send_anonymous_usage_stats': 'True', 'quiet': 'False', 'no_print': 'None', 'target_path': 'None', 'static_parser': 'True', 'partial_parse': 'True', 'introspect': 'True', 'empty': 'False', 'indirect_selection': 'eager', 'version_check': 'True'}
[0m07:27:44.891838 [debug] [MainThread]: Spark adapter: Setting pyhive.hive logging to ERROR
[0m07:27:44.895116 [debug] [MainThread]: Spark adapter: Setting thrift.transport logging to ERROR
[0m07:27:44.897369 [debug] [MainThread]: Spark adapter: Setting thrift.protocol logging to ERROR
[0m07:27:46.323471 [debug] [MainThread]: Sending event: {'category': 'dbt', 'action': 'project_id', 'label': 'e80c1856-ad4c-4557-9b9f-323b2fdb984d', 'context': [<snowplow_tracker.self_describing_json.SelfDescribingJson object at 0x7d3a7c7ece90>]}
[0m07:27:46.441383 [debug] [MainThread]: Sending event: {'category': 'dbt', 'action': 'adapter_info', 'label': 'e80c1856-ad4c-4557-9b9f-323b2fdb984d', 'context': [<snowplow_tracker.self_describing_json.SelfDescribingJson object at 0x7d3a7ccc5590>]}
[0m07:27:46.444227 [info ] [MainThread]: Registered adapter: databricks=1.12.4
[0m07:27:46.626218 [debug] [MainThread]: checksum: 678a63b8c943f3e6b7f980b9e41a0fbb4f4f4ddaf0d88f2a1aa6f584106916d4, vars: {}, profile: walmart_project, target: dev, version: 1.12.0
[0m07:27:47.540140 [debug] [MainThread]: Partial parsing enabled: 0 files deleted, 0 files added, 0 files changed.
[0m07:27:47.542009 [debug] [MainThread]: Nothing changed, skipping partial parsing.
[0m07:27:47.543711 [debug] [MainThread]: Partial parsing enabled, no changes found, skipping parsing
[0m07:27:47.566429 [debug] [MainThread]: Sending event: {'category': 'dbt', 'action': 'load_project', 'label': 'e80c1856-ad4c-4557-9b9f-323b2fdb984d', 'context': [<snowplow_tracker.self_describing_json.SelfDescribingJson object at 0x7d3a54b7eb50>]}
[0m07:27:48.026353 [debug] [MainThread]: Wrote artifact WritableManifest to /opt/airflow/walmart_project/target/manifest.json
[0m07:27:48.039022 [debug] [MainThread]: Wrote artifact SemanticManifest to /opt/airflow/walmart_project/target/semantic_manifest.json
[0m07:27:48.069119 [debug] [MainThread]: Wrote artifact OsiDocument to /opt/airflow/walmart_project/target/osi_document.json
[0m07:27:48.103873 [debug] [MainThread]: Sending event: {'category': 'dbt', 'action': 'resource_counts', 'label': 'e80c1856-ad4c-4557-9b9f-323b2fdb984d', 'context': [<snowplow_tracker.self_describing_json.SelfDescribingJson object at 0x7d3a54a51d60>]}
[0m07:27:48.106295 [info ] [MainThread]: Found 13 models, 5 snapshots, 4 data tests, 6 sources, 774 macros
[0m07:27:48.108218 [debug] [MainThread]: Sending event: {'category': 'dbt', 'action': 'runnable_timing', 'label': 'e80c1856-ad4c-4557-9b9f-323b2fdb984d', 'context': [<snowplow_tracker.self_describing_json.SelfDescribingJson object at 0x7d3a54d4f690>]}
[0m07:27:48.115042 [info ] [MainThread]: 
[0m07:27:48.117305 [info ] [MainThread]: Concurrency: 1 threads (target='dev')
[0m07:27:48.119791 [info ] [MainThread]: 
[0m07:27:48.122483 [debug] [MainThread]: Databricks adapter: DatabricksDBTConnection(session-id=None, name=master) - Creating connection
[0m07:27:48.124818 [debug] [MainThread]: Acquiring new databricks connection 'master'
[0m07:27:48.146673 [debug] [ThreadPool]: Databricks adapter: DatabricksDBTConnection(session-id=None, name=list_walmart) - Creating connection
[0m07:27:48.148252 [debug] [ThreadPool]: Acquiring new databricks connection 'list_walmart'
[0m07:27:48.171075 [debug] [ThreadPool]: Using databricks connection "list_walmart"
[0m07:27:48.172759 [debug] [ThreadPool]: On list_walmart: /* {"app": "dbt", "dbt_version": "1.12.0", "dbt_databricks_version": "1.12.4", "databricks_sql_connector_version": "4.4.0", "profile_name": "walmart_project", "target_name": "dev", "invocation_id": "e80c1856-ad4c-4557-9b9f-323b2fdb984d", "connection_name": "list_walmart"} */

    

  SHOW SCHEMAS IN `walmart`


  
[0m07:27:48.174413 [debug] [ThreadPool]: Opening a new connection, currently in state init
[0m07:27:53.648358 [debug] [ThreadPool]: Databricks adapter: Connection(session-id=01f1a1e8-d05f-133a-a98f-1bdc06b5be76) - Created
[0m07:28:05.921445 [debug] [ThreadPool]: SQL status: OK in 17.750 seconds
[0m07:28:05.970918 [debug] [ThreadPool]: Databricks adapter: Cursor(session-id=01f1a1e8-d05f-133a-a98f-1bdc06b5be76, command-id=01f1a1e8-d178-1aa8-bbb0-09b87a56739b) - Closing
[0m07:28:06.398133 [debug] [ThreadPool]: On list_walmart: Close
[0m07:28:06.399580 [debug] [ThreadPool]: Databricks adapter: Connection(session-id=01f1a1e8-d05f-133a-a98f-1bdc06b5be76) - Closing
[0m07:28:06.817510 [debug] [ThreadPool]: Databricks adapter: DatabricksDBTConnection(session-id=None, name=list_walmart_gold) - Creating connection
[0m07:28:06.819354 [debug] [ThreadPool]: Acquiring new databricks connection 'list_walmart_gold'
[0m07:28:06.829022 [debug] [ThreadPool]: Using databricks connection "list_walmart_gold"
[0m07:28:06.830678 [debug] [ThreadPool]: On list_walmart_gold: /* {"app": "dbt", "dbt_version": "1.12.0", "dbt_databricks_version": "1.12.4", "databricks_sql_connector_version": "4.4.0", "profile_name": "walmart_project", "target_name": "dev", "invocation_id": "e80c1856-ad4c-4557-9b9f-323b2fdb984d", "connection_name": "list_walmart_gold"} */

    
SELECT
  table_name,
  if(table_type IN ('EXTERNAL', 'MANAGED', 'MANAGED_SHALLOW_CLONE', 'EXTERNAL_SHALLOW_CLONE'), 'table', lower(table_type)) AS table_type,
  lower(data_source_format) AS file_format,
  table_owner,
  if(
    table_type IN (
      'EXTERNAL',
      'MANAGED',
      'MANAGED_SHALLOW_CLONE',
      'EXTERNAL_SHALLOW_CLONE'
    ),
    lower(table_type),
    NULL
  ) AS databricks_table_type
FROM `system`.`information_schema`.`tables`
WHERE table_catalog = 'walmart'
  AND table_schema = 'gold'

  
[0m07:28:06.832533 [debug] [ThreadPool]: Opening a new connection, currently in state init
[0m07:28:08.294222 [debug] [ThreadPool]: Databricks adapter: Connection(session-id=01f1a1e8-d9f2-198c-a9d4-77740943f67e) - Created
[0m07:28:11.637027 [debug] [ThreadPool]: SQL status: OK in 4.800 seconds
[0m07:28:11.645708 [debug] [ThreadPool]: Databricks adapter: Cursor(session-id=01f1a1e8-d9f2-198c-a9d4-77740943f67e, command-id=01f1a1e8-da2f-1b23-baf3-8fe0793b6cdb) - Closing
[0m07:28:11.649472 [debug] [ThreadPool]: On list_walmart_gold: Close
[0m07:28:11.651985 [debug] [ThreadPool]: Databricks adapter: Connection(session-id=01f1a1e8-d9f2-198c-a9d4-77740943f67e) - Closing
[0m07:28:12.035689 [debug] [ThreadPool]: Databricks adapter: DatabricksDBTConnection(session-id=None, name=list_walmart_silver_t) - Creating connection
[0m07:28:12.039914 [debug] [ThreadPool]: Acquiring new databricks connection 'list_walmart_silver_t'
[0m07:28:12.042603 [debug] [ThreadPool]: Using databricks connection "list_walmart_silver_t"
[0m07:28:12.044104 [debug] [ThreadPool]: On list_walmart_silver_t: /* {"app": "dbt", "dbt_version": "1.12.0", "dbt_databricks_version": "1.12.4", "databricks_sql_connector_version": "4.4.0", "profile_name": "walmart_project", "target_name": "dev", "invocation_id": "e80c1856-ad4c-4557-9b9f-323b2fdb984d", "connection_name": "list_walmart_silver_t"} */

    
SELECT
  table_name,
  if(table_type IN ('EXTERNAL', 'MANAGED', 'MANAGED_SHALLOW_CLONE', 'EXTERNAL_SHALLOW_CLONE'), 'table', lower(table_type)) AS table_type,
  lower(data_source_format) AS file_format,
  table_owner,
  if(
    table_type IN (
      'EXTERNAL',
      'MANAGED',
      'MANAGED_SHALLOW_CLONE',
      'EXTERNAL_SHALLOW_CLONE'
    ),
    lower(table_type),
    NULL
  ) AS databricks_table_type
FROM `system`.`information_schema`.`tables`
WHERE table_catalog = 'walmart'
  AND table_schema = 'silver_t'

  
[0m07:28:12.045726 [debug] [ThreadPool]: Opening a new connection, currently in state init
[0m07:28:13.554559 [debug] [ThreadPool]: Databricks adapter: Connection(session-id=01f1a1e8-dd0f-1c69-a9b0-f42e6507f01a) - Created
[0m07:28:14.502741 [debug] [ThreadPool]: SQL status: OK in 2.460 seconds
[0m07:28:14.511334 [debug] [ThreadPool]: Databricks adapter: Cursor(session-id=01f1a1e8-dd0f-1c69-a9b0-f42e6507f01a, command-id=01f1a1e8-dd4d-10f7-a030-80492f99e621) - Closing
[0m07:28:14.515495 [debug] [ThreadPool]: On list_walmart_silver_t: Close
[0m07:28:14.518385 [debug] [ThreadPool]: Databricks adapter: Connection(session-id=01f1a1e8-dd0f-1c69-a9b0-f42e6507f01a) - Closing
[0m07:28:14.909136 [debug] [ThreadPool]: Databricks adapter: DatabricksDBTConnection(session-id=None, name=list_walmart_silver_b) - Creating connection
[0m07:28:14.914592 [debug] [ThreadPool]: Acquiring new databricks connection 'list_walmart_silver_b'
[0m07:28:14.918586 [debug] [ThreadPool]: Using databricks connection "list_walmart_silver_b"
[0m07:28:14.920636 [debug] [ThreadPool]: On list_walmart_silver_b: /* {"app": "dbt", "dbt_version": "1.12.0", "dbt_databricks_version": "1.12.4", "databricks_sql_connector_version": "4.4.0", "profile_name": "walmart_project", "target_name": "dev", "invocation_id": "e80c1856-ad4c-4557-9b9f-323b2fdb984d", "connection_name": "list_walmart_silver_b"} */

    
SELECT
  table_name,
  if(table_type IN ('EXTERNAL', 'MANAGED', 'MANAGED_SHALLOW_CLONE', 'EXTERNAL_SHALLOW_CLONE'), 'table', lower(table_type)) AS table_type,
  lower(data_source_format) AS file_format,
  table_owner,
  if(
    table_type IN (
      'EXTERNAL',
      'MANAGED',
      'MANAGED_SHALLOW_CLONE',
      'EXTERNAL_SHALLOW_CLONE'
    ),
    lower(table_type),
    NULL
  ) AS databricks_table_type
FROM `system`.`information_schema`.`tables`
WHERE table_catalog = 'walmart'
  AND table_schema = 'silver_b'

  
[0m07:28:14.922613 [debug] [ThreadPool]: Opening a new connection, currently in state init
[0m07:28:16.575830 [debug] [ThreadPool]: Databricks adapter: Connection(session-id=01f1a1e8-ded6-16cf-9e31-c9f7087f553b) - Created
[0m07:28:17.514889 [debug] [ThreadPool]: SQL status: OK in 2.590 seconds
[0m07:28:17.526974 [debug] [ThreadPool]: Databricks adapter: Cursor(session-id=01f1a1e8-ded6-16cf-9e31-c9f7087f553b, command-id=01f1a1e8-df1a-1c01-8fc5-c54c2ac82304) - Closing
[0m07:28:17.529081 [debug] [ThreadPool]: On list_walmart_silver_b: Close
[0m07:28:17.530775 [debug] [ThreadPool]: Databricks adapter: Connection(session-id=01f1a1e8-ded6-16cf-9e31-c9f7087f553b) - Closing
[0m07:28:17.899618 [debug] [MainThread]: Sending event: {'category': 'dbt', 'action': 'runnable_timing', 'label': 'e80c1856-ad4c-4557-9b9f-323b2fdb984d', 'context': [<snowplow_tracker.self_describing_json.SelfDescribingJson object at 0x7d3a54af01f0>]}
[0m07:28:17.912647 [debug] [Thread-5 (]: Began running node model.walmart_project.customers_t
[0m07:28:17.914814 [info ] [Thread-5 (]: 1 of 6 START sql incremental model silver_t.customers_t ........................ [RUN]
[0m07:28:17.917179 [debug] [Thread-5 (]: Databricks adapter: DatabricksDBTConnection(session-id=None, name=model.walmart_project.customers_t) - Creating connection
[0m07:28:17.918806 [debug] [Thread-5 (]: Acquiring new databricks connection 'model.walmart_project.customers_t'
[0m07:28:17.920598 [debug] [Thread-5 (]: Began compiling node model.walmart_project.customers_t
[0m07:28:17.937150 [debug] [Thread-5 (]: Writing injected SQL for node "model.walmart_project.customers_t"
[0m07:28:17.969358 [debug] [Thread-5 (]: Began executing node model.walmart_project.customers_t
[0m07:28:18.033471 [debug] [Thread-5 (]: MATERIALIZING INCREMENTAL
[0m07:28:18.099514 [debug] [Thread-5 (]: Using databricks connection "model.walmart_project.customers_t"
[0m07:28:18.101353 [debug] [Thread-5 (]: On model.walmart_project.customers_t: /* {"app": "dbt", "dbt_version": "1.12.0", "dbt_databricks_version": "1.12.4", "databricks_sql_connector_version": "4.4.0", "profile_name": "walmart_project", "target_name": "dev", "invocation_id": "e80c1856-ad4c-4557-9b9f-323b2fdb984d", "node_id": "model.walmart_project.customers_t"} */
SELECT column_name
  FROM `walmart`.`information_schema`.`columns`
  WHERE table_catalog = 'walmart' 
    AND table_schema = 'silver_t'
    AND table_name = 'customers_t'
    AND is_nullable = 'NO';
  
[0m07:28:18.103269 [debug] [Thread-5 (]: Opening a new connection, currently in state init
[0m07:28:19.601259 [debug] [Thread-5 (]: Databricks adapter: Connection(session-id=01f1a1e8-e0ab-100a-bf6e-d7e5415b3ad5) - Created
[0m07:28:20.675613 [debug] [Thread-5 (]: SQL status: OK in 2.570 seconds
[0m07:28:20.679094 [debug] [Thread-5 (]: Databricks adapter: Cursor(session-id=01f1a1e8-e0ab-100a-bf6e-d7e5415b3ad5, command-id=01f1a1e8-e0e7-1dd3-8c47-97cbd0ceb063) - Closing
[0m07:28:20.687813 [debug] [Thread-5 (]: Using databricks connection "model.walmart_project.customers_t"
[0m07:28:20.689534 [debug] [Thread-5 (]: On model.walmart_project.customers_t: /* {"app": "dbt", "dbt_version": "1.12.0", "dbt_databricks_version": "1.12.4", "databricks_sql_connector_version": "4.4.0", "profile_name": "walmart_project", "target_name": "dev", "invocation_id": "e80c1856-ad4c-4557-9b9f-323b2fdb984d", "node_id": "model.walmart_project.customers_t"} */
SELECT kcu.constraint_name, kcu.column_name
  FROM `walmart`.information_schema.key_column_usage kcu
  WHERE kcu.table_catalog = 'walmart' 
    AND kcu.table_schema = 'silver_t'
    AND kcu.table_name = 'customers_t' 
    AND kcu.constraint_name = (
      SELECT constraint_name
      FROM `walmart`.information_schema.table_constraints
      WHERE table_catalog = 'walmart'
        AND table_schema = 'silver_t'
        AND table_name = 'customers_t' 
        AND constraint_type = 'PRIMARY KEY'
    )
  ORDER BY kcu.ordinal_position;
  
[0m07:28:22.080664 [debug] [Thread-5 (]: SQL status: OK in 1.390 seconds
[0m07:28:22.084363 [debug] [Thread-5 (]: Databricks adapter: Cursor(session-id=01f1a1e8-e0ab-100a-bf6e-d7e5415b3ad5, command-id=01f1a1e8-e193-1f0e-ba07-46cbcbb7d713) - Closing
[0m07:28:22.093188 [debug] [Thread-5 (]: Using databricks connection "model.walmart_project.customers_t"
[0m07:28:22.094697 [debug] [Thread-5 (]: On model.walmart_project.customers_t: /* {"app": "dbt", "dbt_version": "1.12.0", "dbt_databricks_version": "1.12.4", "databricks_sql_connector_version": "4.4.0", "profile_name": "walmart_project", "target_name": "dev", "invocation_id": "e80c1856-ad4c-4557-9b9f-323b2fdb984d", "node_id": "model.walmart_project.customers_t"} */
SELECT
    kcu.constraint_name,
    kcu.column_name AS from_column,
    ukcu.table_catalog AS to_catalog,
    ukcu.table_schema AS to_schema,
    ukcu.table_name AS to_table,
    ukcu.column_name AS to_column
  FROM `walmart`.information_schema.key_column_usage kcu
  JOIN `walmart`.information_schema.referential_constraints rc
    ON kcu.constraint_name = rc.constraint_name
  JOIN `walmart`.information_schema.key_column_usage ukcu
    ON rc.unique_constraint_name = ukcu.constraint_name
    AND kcu.ordinal_position = ukcu.ordinal_position
  WHERE kcu.table_catalog = 'walmart'
    AND kcu.table_schema = 'silver_t'
    AND kcu.table_name = 'customers_t'
    AND kcu.constraint_name IN (
      SELECT constraint_name
      FROM `walmart`.information_schema.table_constraints
      WHERE table_catalog = 'walmart'
        AND table_schema = 'silver_t'
        AND table_name = 'customers_t'
        AND constraint_type = 'FOREIGN KEY'
    )
  ORDER BY kcu.ordinal_position;
  
[0m07:28:23.617483 [debug] [Thread-5 (]: SQL status: OK in 1.520 seconds
[0m07:28:23.621020 [debug] [Thread-5 (]: Databricks adapter: Cursor(session-id=01f1a1e8-e0ab-100a-bf6e-d7e5415b3ad5, command-id=01f1a1e8-e263-19a2-9e97-32fd810f9c56) - Closing
[0m07:28:23.628922 [debug] [Thread-5 (]: Using databricks connection "model.walmart_project.customers_t"
[0m07:28:23.630508 [debug] [Thread-5 (]: On model.walmart_project.customers_t: /* {"app": "dbt", "dbt_version": "1.12.0", "dbt_databricks_version": "1.12.4", "databricks_sql_connector_version": "4.4.0", "profile_name": "walmart_project", "target_name": "dev", "invocation_id": "e80c1856-ad4c-4557-9b9f-323b2fdb984d", "node_id": "model.walmart_project.customers_t"} */
SELECT 
    column_name,
    mask_name,
    using_columns
  FROM `system`.`information_schema`.`column_masks`
  WHERE table_catalog = 'walmart'
    AND table_schema = 'silver_t'
    AND table_name = 'customers_t';
  
[0m07:28:24.234152 [debug] [Thread-5 (]: SQL status: OK in 0.600 seconds
[0m07:28:24.239375 [debug] [Thread-5 (]: Databricks adapter: Cursor(session-id=01f1a1e8-e0ab-100a-bf6e-d7e5415b3ad5, command-id=01f1a1e8-e34e-14a2-a75a-e96b2dac66a1) - Closing
[0m07:28:24.249099 [debug] [Thread-5 (]: Using databricks connection "model.walmart_project.customers_t"
[0m07:28:24.250752 [debug] [Thread-5 (]: On model.walmart_project.customers_t: /* {"app": "dbt", "dbt_version": "1.12.0", "dbt_databricks_version": "1.12.4", "databricks_sql_connector_version": "4.4.0", "profile_name": "walmart_project", "target_name": "dev", "invocation_id": "e80c1856-ad4c-4557-9b9f-323b2fdb984d", "node_id": "model.walmart_project.customers_t"} */
SELECT
    table_catalog,
    table_schema,
    table_name,
    filter_name,
    target_columns
  FROM `walmart`.`information_schema`.`row_filters`
  WHERE table_catalog = 'walmart'
    AND table_schema = 'silver_t'
    AND table_name = 'customers_t'
[0m07:28:24.953256 [debug] [Thread-5 (]: SQL status: OK in 0.700 seconds
[0m07:28:24.971495 [debug] [Thread-5 (]: Databricks adapter: Cursor(session-id=01f1a1e8-e0ab-100a-bf6e-d7e5415b3ad5, command-id=01f1a1e8-e3ac-1477-a8c4-d04a0360a281) - Closing
[0m07:28:24.991816 [debug] [Thread-5 (]: Using databricks connection "model.walmart_project.customers_t"
[0m07:28:24.994266 [debug] [Thread-5 (]: On model.walmart_project.customers_t: /* {"app": "dbt", "dbt_version": "1.12.0", "dbt_databricks_version": "1.12.4", "databricks_sql_connector_version": "4.4.0", "profile_name": "walmart_project", "target_name": "dev", "invocation_id": "e80c1856-ad4c-4557-9b9f-323b2fdb984d", "node_id": "model.walmart_project.customers_t"} */
SHOW TBLPROPERTIES `walmart`.`silver_t`.`customers_t`
  
[0m07:28:27.120657 [debug] [Thread-5 (]: SQL status: OK in 2.120 seconds
[0m07:28:27.125385 [debug] [Thread-5 (]: Databricks adapter: Cursor(session-id=01f1a1e8-e0ab-100a-bf6e-d7e5415b3ad5, command-id=01f1a1e8-e424-172c-b71b-1f03ae8a7037) - Closing
[0m07:28:27.130567 [debug] [Thread-5 (]: Using databricks connection "model.walmart_project.customers_t"
[0m07:28:27.132238 [debug] [Thread-5 (]: On model.walmart_project.customers_t: /* {"app": "dbt", "dbt_version": "1.12.0", "dbt_databricks_version": "1.12.4", "databricks_sql_connector_version": "4.4.0", "profile_name": "walmart_project", "target_name": "dev", "invocation_id": "e80c1856-ad4c-4557-9b9f-323b2fdb984d", "node_id": "model.walmart_project.customers_t"} */
describe extended `walmart`.`silver_t`.`customers_t`
  
[0m07:28:28.011771 [debug] [Thread-5 (]: SQL status: OK in 0.880 seconds
[0m07:28:28.016070 [debug] [Thread-5 (]: Databricks adapter: Cursor(session-id=01f1a1e8-e0ab-100a-bf6e-d7e5415b3ad5, command-id=01f1a1e8-e564-1e87-9be4-6d1081707887) - Closing
[0m07:28:28.018469 [debug] [Thread-5 (]: Databricks adapter: Getting diff for ColumnCommentsConfig: comments={} persist=False and comments={'customer_id': '', 'first_name': '', 'last_name': '', 'email': '', 'phone': '', 'city': '', 'province': '', 'country': '', 'created_timestamp': '', 'updated_timestamp': '', 'is_active': '', 'processed_at': '', '': ''} persist=False
[0m07:28:28.035303 [debug] [Thread-5 (]: Using databricks connection "model.walmart_project.customers_t"
[0m07:28:28.037036 [debug] [Thread-5 (]: On model.walmart_project.customers_t: /* {"app": "dbt", "dbt_version": "1.12.0", "dbt_databricks_version": "1.12.4", "databricks_sql_connector_version": "4.4.0", "profile_name": "walmart_project", "target_name": "dev", "invocation_id": "e80c1856-ad4c-4557-9b9f-323b2fdb984d", "node_id": "model.walmart_project.customers_t"} */

  
    create or replace temporary view `customers_t__dbt_tmp` as
      SELECT
    *,
    current_timestamp() AS processed_at
FROM `walmart`.`bronze`.`customers`


 
    WHERE updated_timestamp > (
        SELECT COALESCE(MAX(updated_timestamp), '1900-01-01')
        FROM `walmart`.`silver_t`.`customers_t`
    )
  
[0m07:28:29.651980 [debug] [Thread-5 (]: SQL status: OK in 1.610 seconds
[0m07:28:29.654461 [debug] [Thread-5 (]: Databricks adapter: Cursor(session-id=01f1a1e8-e0ab-100a-bf6e-d7e5415b3ad5, command-id=01f1a1e8-e5ee-1ded-b543-3d13b390f1e6) - Closing
[0m07:28:29.693440 [debug] [Thread-5 (]: Using databricks connection "model.walmart_project.customers_t"
[0m07:28:29.695047 [debug] [Thread-5 (]: On model.walmart_project.customers_t: /* {"app": "dbt", "dbt_version": "1.12.0", "dbt_databricks_version": "1.12.4", "databricks_sql_connector_version": "4.4.0", "profile_name": "walmart_project", "target_name": "dev", "invocation_id": "e80c1856-ad4c-4557-9b9f-323b2fdb984d", "node_id": "model.walmart_project.customers_t"} */

    
  DESCRIBE TABLE EXTENDED `walmart`.`silver_t`.`customers_t` AS JSON

  
[0m07:28:30.880964 [debug] [Thread-5 (]: SQL status: OK in 1.180 seconds
[0m07:28:30.884601 [debug] [Thread-5 (]: Databricks adapter: Cursor(session-id=01f1a1e8-e0ab-100a-bf6e-d7e5415b3ad5, command-id=01f1a1e8-e6f2-19a1-af29-0db2476d8219) - Closing
[0m07:28:30.887776 [debug] [Thread-5 (]: Using databricks connection "model.walmart_project.customers_t"
[0m07:28:30.889405 [debug] [Thread-5 (]: On model.walmart_project.customers_t: /* {"app": "dbt", "dbt_version": "1.12.0", "dbt_databricks_version": "1.12.4", "databricks_sql_connector_version": "4.4.0", "profile_name": "walmart_project", "target_name": "dev", "invocation_id": "e80c1856-ad4c-4557-9b9f-323b2fdb984d", "node_id": "model.walmart_project.customers_t"} */

    
  DESCRIBE TABLE EXTENDED `customers_t__dbt_tmp` AS JSON

  
[0m07:28:31.394153 [debug] [Thread-5 (]: SQL status: OK in 0.500 seconds
[0m07:28:31.398269 [debug] [Thread-5 (]: Databricks adapter: Cursor(session-id=01f1a1e8-e0ab-100a-bf6e-d7e5415b3ad5, command-id=01f1a1e8-e7a4-1e24-99d1-a0bd3757dc6e) - Closing
[0m07:28:31.417768 [debug] [Thread-5 (]: Writing runtime sql for node "model.walmart_project.customers_t"
[0m07:28:31.442890 [debug] [Thread-5 (]: Using databricks connection "model.walmart_project.customers_t"
[0m07:28:31.444409 [debug] [Thread-5 (]: On model.walmart_project.customers_t: /* {"app": "dbt", "dbt_version": "1.12.0", "dbt_databricks_version": "1.12.4", "databricks_sql_connector_version": "4.4.0", "profile_name": "walmart_project", "target_name": "dev", "invocation_id": "e80c1856-ad4c-4557-9b9f-323b2fdb984d", "node_id": "model.walmart_project.customers_t"} */
-- back compat for old kwarg name
  
  
  
  
  
  
      
          
          
      
  

    merge
    into
        `walmart`.`silver_t`.`customers_t` as DBT_INTERNAL_DEST
    using
        `customers_t__dbt_tmp` as DBT_INTERNAL_SOURCE
    on
        
              DBT_INTERNAL_SOURCE.`customer_id` <=> DBT_INTERNAL_DEST.`customer_id`
          
    when matched
        then update set
            *
    when not matched
        then insert
            *

[0m07:28:43.478322 [debug] [Thread-5 (]: SQL status: OK in 12.030 seconds
[0m07:28:43.481576 [debug] [Thread-5 (]: Databricks adapter: Cursor(session-id=01f1a1e8-e0ab-100a-bf6e-d7e5415b3ad5, command-id=01f1a1e8-e7fc-1a27-a78f-878e6984ee02) - Closing
[0m07:28:43.912825 [debug] [Thread-5 (]: On model.walmart_project.customers_t: Close
[0m07:28:43.914473 [debug] [Thread-5 (]: Databricks adapter: Connection(session-id=01f1a1e8-e0ab-100a-bf6e-d7e5415b3ad5) - Closing
[0m07:28:44.302720 [debug] [Thread-5 (]: Sending event: {'category': 'dbt', 'action': 'run_model', 'label': 'e80c1856-ad4c-4557-9b9f-323b2fdb984d', 'context': [<snowplow_tracker.self_describing_json.SelfDescribingJson object at 0x7d3a54e20d10>]}
[0m07:28:44.304953 [info ] [Thread-5 (]: 1 of 6 OK created sql incremental model silver_t.customers_t ................... [[32mOK[0m in 26.38s]
[0m07:28:44.306980 [debug] [Thread-5 (]: Finished running node model.walmart_project.customers_t
[0m07:28:44.308598 [debug] [Thread-5 (]: Began running node model.walmart_project.employees_t
[0m07:28:44.310452 [info ] [Thread-5 (]: 2 of 6 START sql incremental model silver_t.employees_t ........................ [RUN]
[0m07:28:44.312542 [debug] [Thread-5 (]: Databricks adapter: DatabricksDBTConnection(session-id=None, name=model.walmart_project.employees_t) - Creating connection
[0m07:28:44.314279 [debug] [Thread-5 (]: Acquiring new databricks connection 'model.walmart_project.employees_t'
[0m07:28:44.315894 [debug] [Thread-5 (]: Began compiling node model.walmart_project.employees_t
[0m07:28:44.321289 [debug] [Thread-5 (]: Writing injected SQL for node "model.walmart_project.employees_t"
[0m07:28:44.335817 [debug] [Thread-5 (]: Began executing node model.walmart_project.employees_t
[0m07:28:44.340198 [debug] [Thread-5 (]: MATERIALIZING INCREMENTAL
[0m07:28:44.344575 [debug] [Thread-5 (]: Using databricks connection "model.walmart_project.employees_t"
[0m07:28:44.346288 [debug] [Thread-5 (]: On model.walmart_project.employees_t: /* {"app": "dbt", "dbt_version": "1.12.0", "dbt_databricks_version": "1.12.4", "databricks_sql_connector_version": "4.4.0", "profile_name": "walmart_project", "target_name": "dev", "invocation_id": "e80c1856-ad4c-4557-9b9f-323b2fdb984d", "node_id": "model.walmart_project.employees_t"} */
SELECT column_name
  FROM `walmart`.`information_schema`.`columns`
  WHERE table_catalog = 'walmart' 
    AND table_schema = 'silver_t'
    AND table_name = 'employees_t'
    AND is_nullable = 'NO';
  
[0m07:28:44.348560 [debug] [Thread-5 (]: Opening a new connection, currently in state init
[0m07:28:45.902341 [debug] [Thread-5 (]: Databricks adapter: Connection(session-id=01f1a1e8-f05d-17d9-acf6-e83e8ec00c56) - Created
[0m07:28:46.653914 [debug] [Thread-5 (]: SQL status: OK in 2.310 seconds
[0m07:28:46.657624 [debug] [Thread-5 (]: Databricks adapter: Cursor(session-id=01f1a1e8-f05d-17d9-acf6-e83e8ec00c56, command-id=01f1a1e8-f098-12b6-8109-5c2158b67342) - Closing
[0m07:28:46.660314 [debug] [Thread-5 (]: Using databricks connection "model.walmart_project.employees_t"
[0m07:28:46.661811 [debug] [Thread-5 (]: On model.walmart_project.employees_t: /* {"app": "dbt", "dbt_version": "1.12.0", "dbt_databricks_version": "1.12.4", "databricks_sql_connector_version": "4.4.0", "profile_name": "walmart_project", "target_name": "dev", "invocation_id": "e80c1856-ad4c-4557-9b9f-323b2fdb984d", "node_id": "model.walmart_project.employees_t"} */
SELECT kcu.constraint_name, kcu.column_name
  FROM `walmart`.information_schema.key_column_usage kcu
  WHERE kcu.table_catalog = 'walmart' 
    AND kcu.table_schema = 'silver_t'
    AND kcu.table_name = 'employees_t' 
    AND kcu.constraint_name = (
      SELECT constraint_name
      FROM `walmart`.information_schema.table_constraints
      WHERE table_catalog = 'walmart'
        AND table_schema = 'silver_t'
        AND table_name = 'employees_t' 
        AND constraint_type = 'PRIMARY KEY'
    )
  ORDER BY kcu.ordinal_position;
  
[0m07:28:47.779896 [debug] [Thread-5 (]: SQL status: OK in 1.120 seconds
[0m07:28:47.783515 [debug] [Thread-5 (]: Databricks adapter: Cursor(session-id=01f1a1e8-f05d-17d9-acf6-e83e8ec00c56, command-id=01f1a1e8-f109-18fd-b6f3-0497fff2b97a) - Closing
[0m07:28:47.785981 [debug] [Thread-5 (]: Using databricks connection "model.walmart_project.employees_t"
[0m07:28:47.787570 [debug] [Thread-5 (]: On model.walmart_project.employees_t: /* {"app": "dbt", "dbt_version": "1.12.0", "dbt_databricks_version": "1.12.4", "databricks_sql_connector_version": "4.4.0", "profile_name": "walmart_project", "target_name": "dev", "invocation_id": "e80c1856-ad4c-4557-9b9f-323b2fdb984d", "node_id": "model.walmart_project.employees_t"} */
SELECT
    kcu.constraint_name,
    kcu.column_name AS from_column,
    ukcu.table_catalog AS to_catalog,
    ukcu.table_schema AS to_schema,
    ukcu.table_name AS to_table,
    ukcu.column_name AS to_column
  FROM `walmart`.information_schema.key_column_usage kcu
  JOIN `walmart`.information_schema.referential_constraints rc
    ON kcu.constraint_name = rc.constraint_name
  JOIN `walmart`.information_schema.key_column_usage ukcu
    ON rc.unique_constraint_name = ukcu.constraint_name
    AND kcu.ordinal_position = ukcu.ordinal_position
  WHERE kcu.table_catalog = 'walmart'
    AND kcu.table_schema = 'silver_t'
    AND kcu.table_name = 'employees_t'
    AND kcu.constraint_name IN (
      SELECT constraint_name
      FROM `walmart`.information_schema.table_constraints
      WHERE table_catalog = 'walmart'
        AND table_schema = 'silver_t'
        AND table_name = 'employees_t'
        AND constraint_type = 'FOREIGN KEY'
    )
  ORDER BY kcu.ordinal_position;
  
[0m07:28:49.753704 [debug] [Thread-5 (]: SQL status: OK in 1.960 seconds
[0m07:28:49.761940 [debug] [Thread-5 (]: Databricks adapter: Cursor(session-id=01f1a1e8-f05d-17d9-acf6-e83e8ec00c56, command-id=01f1a1e8-f1b5-1e86-bed9-5cf9ef39c6be) - Closing
[0m07:28:49.766111 [debug] [Thread-5 (]: Using databricks connection "model.walmart_project.employees_t"
[0m07:28:49.769346 [debug] [Thread-5 (]: On model.walmart_project.employees_t: /* {"app": "dbt", "dbt_version": "1.12.0", "dbt_databricks_version": "1.12.4", "databricks_sql_connector_version": "4.4.0", "profile_name": "walmart_project", "target_name": "dev", "invocation_id": "e80c1856-ad4c-4557-9b9f-323b2fdb984d", "node_id": "model.walmart_project.employees_t"} */
SELECT 
    column_name,
    mask_name,
    using_columns
  FROM `system`.`information_schema`.`column_masks`
  WHERE table_catalog = 'walmart'
    AND table_schema = 'silver_t'
    AND table_name = 'employees_t';
  
[0m07:28:50.359428 [debug] [Thread-5 (]: SQL status: OK in 0.590 seconds
[0m07:28:50.363281 [debug] [Thread-5 (]: Databricks adapter: Cursor(session-id=01f1a1e8-f05d-17d9-acf6-e83e8ec00c56, command-id=01f1a1e8-f2e9-1e3d-a555-c07a57e056f8) - Closing
[0m07:28:50.366322 [debug] [Thread-5 (]: Using databricks connection "model.walmart_project.employees_t"
[0m07:28:50.367996 [debug] [Thread-5 (]: On model.walmart_project.employees_t: /* {"app": "dbt", "dbt_version": "1.12.0", "dbt_databricks_version": "1.12.4", "databricks_sql_connector_version": "4.4.0", "profile_name": "walmart_project", "target_name": "dev", "invocation_id": "e80c1856-ad4c-4557-9b9f-323b2fdb984d", "node_id": "model.walmart_project.employees_t"} */
SELECT
    table_catalog,
    table_schema,
    table_name,
    filter_name,
    target_columns
  FROM `walmart`.`information_schema`.`row_filters`
  WHERE table_catalog = 'walmart'
    AND table_schema = 'silver_t'
    AND table_name = 'employees_t'
[0m07:28:51.047619 [debug] [Thread-5 (]: SQL status: OK in 0.680 seconds
[0m07:28:51.051209 [debug] [Thread-5 (]: Databricks adapter: Cursor(session-id=01f1a1e8-f05d-17d9-acf6-e83e8ec00c56, command-id=01f1a1e8-f33f-135a-801c-7d4a6e93a361) - Closing
[0m07:28:51.053895 [debug] [Thread-5 (]: Using databricks connection "model.walmart_project.employees_t"
[0m07:28:51.055650 [debug] [Thread-5 (]: On model.walmart_project.employees_t: /* {"app": "dbt", "dbt_version": "1.12.0", "dbt_databricks_version": "1.12.4", "databricks_sql_connector_version": "4.4.0", "profile_name": "walmart_project", "target_name": "dev", "invocation_id": "e80c1856-ad4c-4557-9b9f-323b2fdb984d", "node_id": "model.walmart_project.employees_t"} */
SHOW TBLPROPERTIES `walmart`.`silver_t`.`employees_t`
  
[0m07:28:52.388864 [debug] [Thread-5 (]: SQL status: OK in 1.330 seconds
[0m07:28:52.393341 [debug] [Thread-5 (]: Databricks adapter: Cursor(session-id=01f1a1e8-f05d-17d9-acf6-e83e8ec00c56, command-id=01f1a1e8-f3a8-16ef-92d3-d70e17a10bfb) - Closing
[0m07:28:52.396604 [debug] [Thread-5 (]: Using databricks connection "model.walmart_project.employees_t"
[0m07:28:52.398623 [debug] [Thread-5 (]: On model.walmart_project.employees_t: /* {"app": "dbt", "dbt_version": "1.12.0", "dbt_databricks_version": "1.12.4", "databricks_sql_connector_version": "4.4.0", "profile_name": "walmart_project", "target_name": "dev", "invocation_id": "e80c1856-ad4c-4557-9b9f-323b2fdb984d", "node_id": "model.walmart_project.employees_t"} */
describe extended `walmart`.`silver_t`.`employees_t`
  
[0m07:28:52.934611 [debug] [Thread-5 (]: SQL status: OK in 0.530 seconds
[0m07:28:52.938828 [debug] [Thread-5 (]: Databricks adapter: Cursor(session-id=01f1a1e8-f05d-17d9-acf6-e83e8ec00c56, command-id=01f1a1e8-f475-1a89-a828-3ee9401d14c3) - Closing
[0m07:28:52.941060 [debug] [Thread-5 (]: Databricks adapter: Getting diff for ColumnCommentsConfig: comments={} persist=False and comments={'employee_id': '', 'store_id': '', 'first_name': '', 'last_name': '', 'email': '', 'job_title': '', 'salary': '', 'created_timestamp': '', 'updated_timestamp': '', 'is_active': '', 'processed_at': '', '': ''} persist=False
[0m07:28:52.943409 [debug] [Thread-5 (]: Using databricks connection "model.walmart_project.employees_t"
[0m07:28:52.944932 [debug] [Thread-5 (]: On model.walmart_project.employees_t: /* {"app": "dbt", "dbt_version": "1.12.0", "dbt_databricks_version": "1.12.4", "databricks_sql_connector_version": "4.4.0", "profile_name": "walmart_project", "target_name": "dev", "invocation_id": "e80c1856-ad4c-4557-9b9f-323b2fdb984d", "node_id": "model.walmart_project.employees_t"} */

  
    create or replace temporary view `employees_t__dbt_tmp` as
      SELECT
    *,
    current_timestamp() AS processed_at
FROM `walmart`.`bronze`.`employees`

 
    WHERE updated_timestamp > (
        SELECT COALESCE(MAX(updated_timestamp), '1900-01-01')
        FROM `walmart`.`silver_t`.`employees_t`
    )
  
[0m07:28:53.925271 [debug] [Thread-5 (]: SQL status: OK in 0.980 seconds
[0m07:28:53.927507 [debug] [Thread-5 (]: Databricks adapter: Cursor(session-id=01f1a1e8-f05d-17d9-acf6-e83e8ec00c56, command-id=01f1a1e8-f4ce-1688-b806-25d7241aa98d) - Closing
[0m07:28:53.930789 [debug] [Thread-5 (]: Using databricks connection "model.walmart_project.employees_t"
[0m07:28:53.932629 [debug] [Thread-5 (]: On model.walmart_project.employees_t: /* {"app": "dbt", "dbt_version": "1.12.0", "dbt_databricks_version": "1.12.4", "databricks_sql_connector_version": "4.4.0", "profile_name": "walmart_project", "target_name": "dev", "invocation_id": "e80c1856-ad4c-4557-9b9f-323b2fdb984d", "node_id": "model.walmart_project.employees_t"} */

    
  DESCRIBE TABLE EXTENDED `walmart`.`silver_t`.`employees_t` AS JSON

  
[0m07:28:54.583342 [debug] [Thread-5 (]: SQL status: OK in 0.650 seconds
[0m07:28:54.589691 [debug] [Thread-5 (]: Databricks adapter: Cursor(session-id=01f1a1e8-f05d-17d9-acf6-e83e8ec00c56, command-id=01f1a1e8-f55f-1181-9428-4d07f662cbb0) - Closing
[0m07:28:54.593761 [debug] [Thread-5 (]: Using databricks connection "model.walmart_project.employees_t"
[0m07:28:54.595722 [debug] [Thread-5 (]: On model.walmart_project.employees_t: /* {"app": "dbt", "dbt_version": "1.12.0", "dbt_databricks_version": "1.12.4", "databricks_sql_connector_version": "4.4.0", "profile_name": "walmart_project", "target_name": "dev", "invocation_id": "e80c1856-ad4c-4557-9b9f-323b2fdb984d", "node_id": "model.walmart_project.employees_t"} */

    
  DESCRIBE TABLE EXTENDED `employees_t__dbt_tmp` AS JSON

  
[0m07:28:55.059120 [debug] [Thread-5 (]: SQL status: OK in 0.460 seconds
[0m07:28:55.068090 [debug] [Thread-5 (]: Databricks adapter: Cursor(session-id=01f1a1e8-f05d-17d9-acf6-e83e8ec00c56, command-id=01f1a1e8-f5c9-1813-89af-bc84ab1e7b05) - Closing
[0m07:28:55.073967 [debug] [Thread-5 (]: Writing runtime sql for node "model.walmart_project.employees_t"
[0m07:28:55.095697 [debug] [Thread-5 (]: Using databricks connection "model.walmart_project.employees_t"
[0m07:28:55.098830 [debug] [Thread-5 (]: On model.walmart_project.employees_t: /* {"app": "dbt", "dbt_version": "1.12.0", "dbt_databricks_version": "1.12.4", "databricks_sql_connector_version": "4.4.0", "profile_name": "walmart_project", "target_name": "dev", "invocation_id": "e80c1856-ad4c-4557-9b9f-323b2fdb984d", "node_id": "model.walmart_project.employees_t"} */
-- back compat for old kwarg name
  
  
  
  
  
  
      
          
          
      
  

    merge
    into
        `walmart`.`silver_t`.`employees_t` as DBT_INTERNAL_DEST
    using
        `employees_t__dbt_tmp` as DBT_INTERNAL_SOURCE
    on
        
              DBT_INTERNAL_SOURCE.`employee_id` <=> DBT_INTERNAL_DEST.`employee_id`
          
    when matched
        then update set
            *
    when not matched
        then insert
            *

[0m07:28:59.043727 [debug] [Thread-5 (]: SQL status: OK in 3.940 seconds
[0m07:28:59.046343 [debug] [Thread-5 (]: Databricks adapter: Cursor(session-id=01f1a1e8-f05d-17d9-acf6-e83e8ec00c56, command-id=01f1a1e8-f617-13f3-8033-aacec7fdbb20) - Closing
[0m07:28:59.050231 [debug] [Thread-5 (]: On model.walmart_project.employees_t: Close
[0m07:28:59.051977 [debug] [Thread-5 (]: Databricks adapter: Connection(session-id=01f1a1e8-f05d-17d9-acf6-e83e8ec00c56) - Closing
[0m07:28:59.455857 [debug] [Thread-5 (]: Sending event: {'category': 'dbt', 'action': 'run_model', 'label': 'e80c1856-ad4c-4557-9b9f-323b2fdb984d', 'context': [<snowplow_tracker.self_describing_json.SelfDescribingJson object at 0x7d3a54b15a70>]}
[0m07:28:59.458102 [info ] [Thread-5 (]: 2 of 6 OK created sql incremental model silver_t.employees_t ................... [[32mOK[0m in 15.14s]
[0m07:28:59.460595 [debug] [Thread-5 (]: Finished running node model.walmart_project.employees_t
[0m07:28:59.462467 [debug] [Thread-5 (]: Began running node model.walmart_project.order_items_t
[0m07:28:59.464806 [info ] [Thread-5 (]: 3 of 6 START sql incremental model silver_t.order_items_t ...................... [RUN]
[0m07:28:59.467310 [debug] [Thread-5 (]: Databricks adapter: DatabricksDBTConnection(session-id=None, name=model.walmart_project.order_items_t) - Creating connection
[0m07:28:59.469038 [debug] [Thread-5 (]: Acquiring new databricks connection 'model.walmart_project.order_items_t'
[0m07:28:59.470577 [debug] [Thread-5 (]: Began compiling node model.walmart_project.order_items_t
[0m07:28:59.476190 [debug] [Thread-5 (]: Writing injected SQL for node "model.walmart_project.order_items_t"
[0m07:28:59.489775 [debug] [Thread-5 (]: Began executing node model.walmart_project.order_items_t
[0m07:28:59.494146 [debug] [Thread-5 (]: MATERIALIZING INCREMENTAL
[0m07:28:59.503409 [debug] [Thread-5 (]: Using databricks connection "model.walmart_project.order_items_t"
[0m07:28:59.505683 [debug] [Thread-5 (]: On model.walmart_project.order_items_t: /* {"app": "dbt", "dbt_version": "1.12.0", "dbt_databricks_version": "1.12.4", "databricks_sql_connector_version": "4.4.0", "profile_name": "walmart_project", "target_name": "dev", "invocation_id": "e80c1856-ad4c-4557-9b9f-323b2fdb984d", "node_id": "model.walmart_project.order_items_t"} */
SELECT column_name
  FROM `walmart`.`information_schema`.`columns`
  WHERE table_catalog = 'walmart' 
    AND table_schema = 'silver_t'
    AND table_name = 'order_items_t'
    AND is_nullable = 'NO';
  
[0m07:28:59.507894 [debug] [Thread-5 (]: Opening a new connection, currently in state init
[0m07:29:01.122505 [debug] [Thread-5 (]: Databricks adapter: Connection(session-id=01f1a1e8-f964-1f25-9e84-b46fdf5e4ffd) - Created
[0m07:29:01.828622 [debug] [Thread-5 (]: SQL status: OK in 2.320 seconds
[0m07:29:01.833097 [debug] [Thread-5 (]: Databricks adapter: Cursor(session-id=01f1a1e8-f964-1f25-9e84-b46fdf5e4ffd, command-id=01f1a1e8-f9a7-15b7-a88c-f04c30b04fd7) - Closing
[0m07:29:01.836104 [debug] [Thread-5 (]: Using databricks connection "model.walmart_project.order_items_t"
[0m07:29:01.837819 [debug] [Thread-5 (]: On model.walmart_project.order_items_t: /* {"app": "dbt", "dbt_version": "1.12.0", "dbt_databricks_version": "1.12.4", "databricks_sql_connector_version": "4.4.0", "profile_name": "walmart_project", "target_name": "dev", "invocation_id": "e80c1856-ad4c-4557-9b9f-323b2fdb984d", "node_id": "model.walmart_project.order_items_t"} */
SELECT kcu.constraint_name, kcu.column_name
  FROM `walmart`.information_schema.key_column_usage kcu
  WHERE kcu.table_catalog = 'walmart' 
    AND kcu.table_schema = 'silver_t'
    AND kcu.table_name = 'order_items_t' 
    AND kcu.constraint_name = (
      SELECT constraint_name
      FROM `walmart`.information_schema.table_constraints
      WHERE table_catalog = 'walmart'
        AND table_schema = 'silver_t'
        AND table_name = 'order_items_t' 
        AND constraint_type = 'PRIMARY KEY'
    )
  ORDER BY kcu.ordinal_position;
  
[0m07:29:02.853982 [debug] [Thread-5 (]: SQL status: OK in 1.010 seconds
[0m07:29:02.857542 [debug] [Thread-5 (]: Databricks adapter: Cursor(session-id=01f1a1e8-f964-1f25-9e84-b46fdf5e4ffd, command-id=01f1a1e8-fa14-1f12-b1ba-7b9ec98ed125) - Closing
[0m07:29:02.860171 [debug] [Thread-5 (]: Using databricks connection "model.walmart_project.order_items_t"
[0m07:29:02.861940 [debug] [Thread-5 (]: On model.walmart_project.order_items_t: /* {"app": "dbt", "dbt_version": "1.12.0", "dbt_databricks_version": "1.12.4", "databricks_sql_connector_version": "4.4.0", "profile_name": "walmart_project", "target_name": "dev", "invocation_id": "e80c1856-ad4c-4557-9b9f-323b2fdb984d", "node_id": "model.walmart_project.order_items_t"} */
SELECT
    kcu.constraint_name,
    kcu.column_name AS from_column,
    ukcu.table_catalog AS to_catalog,
    ukcu.table_schema AS to_schema,
    ukcu.table_name AS to_table,
    ukcu.column_name AS to_column
  FROM `walmart`.information_schema.key_column_usage kcu
  JOIN `walmart`.information_schema.referential_constraints rc
    ON kcu.constraint_name = rc.constraint_name
  JOIN `walmart`.information_schema.key_column_usage ukcu
    ON rc.unique_constraint_name = ukcu.constraint_name
    AND kcu.ordinal_position = ukcu.ordinal_position
  WHERE kcu.table_catalog = 'walmart'
    AND kcu.table_schema = 'silver_t'
    AND kcu.table_name = 'order_items_t'
    AND kcu.constraint_name IN (
      SELECT constraint_name
      FROM `walmart`.information_schema.table_constraints
      WHERE table_catalog = 'walmart'
        AND table_schema = 'silver_t'
        AND table_name = 'order_items_t'
        AND constraint_type = 'FOREIGN KEY'
    )
  ORDER BY kcu.ordinal_position;
  
[0m07:29:04.410511 [debug] [Thread-5 (]: SQL status: OK in 1.550 seconds
[0m07:29:04.414740 [debug] [Thread-5 (]: Databricks adapter: Cursor(session-id=01f1a1e8-f964-1f25-9e84-b46fdf5e4ffd, command-id=01f1a1e8-fab1-148f-a194-eeab83e36c0c) - Closing
[0m07:29:04.417622 [debug] [Thread-5 (]: Using databricks connection "model.walmart_project.order_items_t"
[0m07:29:04.419277 [debug] [Thread-5 (]: On model.walmart_project.order_items_t: /* {"app": "dbt", "dbt_version": "1.12.0", "dbt_databricks_version": "1.12.4", "databricks_sql_connector_version": "4.4.0", "profile_name": "walmart_project", "target_name": "dev", "invocation_id": "e80c1856-ad4c-4557-9b9f-323b2fdb984d", "node_id": "model.walmart_project.order_items_t"} */
SELECT 
    column_name,
    mask_name,
    using_columns
  FROM `system`.`information_schema`.`column_masks`
  WHERE table_catalog = 'walmart'
    AND table_schema = 'silver_t'
    AND table_name = 'order_items_t';
  
[0m07:29:04.987281 [debug] [Thread-5 (]: SQL status: OK in 0.570 seconds
[0m07:29:04.993819 [debug] [Thread-5 (]: Databricks adapter: Cursor(session-id=01f1a1e8-f964-1f25-9e84-b46fdf5e4ffd, command-id=01f1a1e8-fba4-125f-ab33-12ca7cf6257b) - Closing
[0m07:29:04.999287 [debug] [Thread-5 (]: Using databricks connection "model.walmart_project.order_items_t"
[0m07:29:05.001768 [debug] [Thread-5 (]: On model.walmart_project.order_items_t: /* {"app": "dbt", "dbt_version": "1.12.0", "dbt_databricks_version": "1.12.4", "databricks_sql_connector_version": "4.4.0", "profile_name": "walmart_project", "target_name": "dev", "invocation_id": "e80c1856-ad4c-4557-9b9f-323b2fdb984d", "node_id": "model.walmart_project.order_items_t"} */
SELECT
    table_catalog,
    table_schema,
    table_name,
    filter_name,
    target_columns
  FROM `walmart`.`information_schema`.`row_filters`
  WHERE table_catalog = 'walmart'
    AND table_schema = 'silver_t'
    AND table_name = 'order_items_t'
[0m07:29:05.690691 [debug] [Thread-5 (]: SQL status: OK in 0.690 seconds
[0m07:29:05.694461 [debug] [Thread-5 (]: Databricks adapter: Cursor(session-id=01f1a1e8-f964-1f25-9e84-b46fdf5e4ffd, command-id=01f1a1e8-fbf8-1796-943b-097992244d74) - Closing
[0m07:29:05.697363 [debug] [Thread-5 (]: Using databricks connection "model.walmart_project.order_items_t"
[0m07:29:05.699084 [debug] [Thread-5 (]: On model.walmart_project.order_items_t: /* {"app": "dbt", "dbt_version": "1.12.0", "dbt_databricks_version": "1.12.4", "databricks_sql_connector_version": "4.4.0", "profile_name": "walmart_project", "target_name": "dev", "invocation_id": "e80c1856-ad4c-4557-9b9f-323b2fdb984d", "node_id": "model.walmart_project.order_items_t"} */
SHOW TBLPROPERTIES `walmart`.`silver_t`.`order_items_t`
  
[0m07:29:06.627465 [debug] [Thread-5 (]: SQL status: OK in 0.930 seconds
[0m07:29:06.631460 [debug] [Thread-5 (]: Databricks adapter: Cursor(session-id=01f1a1e8-f964-1f25-9e84-b46fdf5e4ffd, command-id=01f1a1e8-fc61-1f5c-ba26-2cb1c3ca6a95) - Closing
[0m07:29:06.634221 [debug] [Thread-5 (]: Using databricks connection "model.walmart_project.order_items_t"
[0m07:29:06.635988 [debug] [Thread-5 (]: On model.walmart_project.order_items_t: /* {"app": "dbt", "dbt_version": "1.12.0", "dbt_databricks_version": "1.12.4", "databricks_sql_connector_version": "4.4.0", "profile_name": "walmart_project", "target_name": "dev", "invocation_id": "e80c1856-ad4c-4557-9b9f-323b2fdb984d", "node_id": "model.walmart_project.order_items_t"} */
describe extended `walmart`.`silver_t`.`order_items_t`
  
[0m07:29:07.442444 [debug] [Thread-5 (]: SQL status: OK in 0.800 seconds
[0m07:29:07.446788 [debug] [Thread-5 (]: Databricks adapter: Cursor(session-id=01f1a1e8-f964-1f25-9e84-b46fdf5e4ffd, command-id=01f1a1e8-fcf1-1995-87ef-85eba96fc43f) - Closing
[0m07:29:07.448862 [debug] [Thread-5 (]: Databricks adapter: Getting diff for ColumnCommentsConfig: comments={} persist=False and comments={'order_item_id': '', 'order_id': '', 'product_id': '', 'quantity': '', 'unit_price': '', 'line_amount': '', 'created_timestamp': '', 'updated_timestamp': '', 'is_active': '', 'processed_at': '', '': ''} persist=False
[0m07:29:07.451212 [debug] [Thread-5 (]: Using databricks connection "model.walmart_project.order_items_t"
[0m07:29:07.452602 [debug] [Thread-5 (]: On model.walmart_project.order_items_t: /* {"app": "dbt", "dbt_version": "1.12.0", "dbt_databricks_version": "1.12.4", "databricks_sql_connector_version": "4.4.0", "profile_name": "walmart_project", "target_name": "dev", "invocation_id": "e80c1856-ad4c-4557-9b9f-323b2fdb984d", "node_id": "model.walmart_project.order_items_t"} */

  
    create or replace temporary view `order_items_t__dbt_tmp` as
      SELECT
    *,
    current_timestamp() AS processed_at
FROM `walmart`.`bronze`.`order_items`


 
    WHERE updated_timestamp > (
        SELECT COALESCE(MAX(updated_timestamp), '1900-01-01')
        FROM `walmart`.`silver_t`.`order_items_t`
    )
  
[0m07:29:08.592694 [debug] [Thread-5 (]: SQL status: OK in 1.140 seconds
[0m07:29:08.595311 [debug] [Thread-5 (]: Databricks adapter: Cursor(session-id=01f1a1e8-f964-1f25-9e84-b46fdf5e4ffd, command-id=01f1a1e8-fd6d-12b3-b808-7287967fd38e) - Closing
[0m07:29:08.599835 [debug] [Thread-5 (]: Using databricks connection "model.walmart_project.order_items_t"
[0m07:29:08.601355 [debug] [Thread-5 (]: On model.walmart_project.order_items_t: /* {"app": "dbt", "dbt_version": "1.12.0", "dbt_databricks_version": "1.12.4", "databricks_sql_connector_version": "4.4.0", "profile_name": "walmart_project", "target_name": "dev", "invocation_id": "e80c1856-ad4c-4557-9b9f-323b2fdb984d", "node_id": "model.walmart_project.order_items_t"} */

    
  DESCRIBE TABLE EXTENDED `walmart`.`silver_t`.`order_items_t` AS JSON

  
[0m07:29:09.490550 [debug] [Thread-5 (]: SQL status: OK in 0.890 seconds
[0m07:29:09.494276 [debug] [Thread-5 (]: Databricks adapter: Cursor(session-id=01f1a1e8-f964-1f25-9e84-b46fdf5e4ffd, command-id=01f1a1e8-fe1c-197b-b99c-99e8e57494ce) - Closing
[0m07:29:09.497748 [debug] [Thread-5 (]: Using databricks connection "model.walmart_project.order_items_t"
[0m07:29:09.499813 [debug] [Thread-5 (]: On model.walmart_project.order_items_t: /* {"app": "dbt", "dbt_version": "1.12.0", "dbt_databricks_version": "1.12.4", "databricks_sql_connector_version": "4.4.0", "profile_name": "walmart_project", "target_name": "dev", "invocation_id": "e80c1856-ad4c-4557-9b9f-323b2fdb984d", "node_id": "model.walmart_project.order_items_t"} */

    
  DESCRIBE TABLE EXTENDED `order_items_t__dbt_tmp` AS JSON

  
[0m07:29:10.001827 [debug] [Thread-5 (]: SQL status: OK in 0.500 seconds
[0m07:29:10.005215 [debug] [Thread-5 (]: Databricks adapter: Cursor(session-id=01f1a1e8-f964-1f25-9e84-b46fdf5e4ffd, command-id=01f1a1e8-fea6-1d08-b278-ba7060b63145) - Closing
[0m07:29:10.007972 [debug] [Thread-5 (]: Writing runtime sql for node "model.walmart_project.order_items_t"
[0m07:29:10.019947 [debug] [Thread-5 (]: Using databricks connection "model.walmart_project.order_items_t"
[0m07:29:10.021514 [debug] [Thread-5 (]: On model.walmart_project.order_items_t: /* {"app": "dbt", "dbt_version": "1.12.0", "dbt_databricks_version": "1.12.4", "databricks_sql_connector_version": "4.4.0", "profile_name": "walmart_project", "target_name": "dev", "invocation_id": "e80c1856-ad4c-4557-9b9f-323b2fdb984d", "node_id": "model.walmart_project.order_items_t"} */
-- back compat for old kwarg name
  
  
  
  
  
  
      
          
          
      
  

    merge
    into
        `walmart`.`silver_t`.`order_items_t` as DBT_INTERNAL_DEST
    using
        `order_items_t__dbt_tmp` as DBT_INTERNAL_SOURCE
    on
        
              DBT_INTERNAL_SOURCE.`order_item_id` <=> DBT_INTERNAL_DEST.`order_item_id`
          
    when matched
        then update set
            *
    when not matched
        then insert
            *

[0m07:29:13.301457 [debug] [Thread-5 (]: SQL status: OK in 3.270 seconds
[0m07:29:13.303811 [debug] [Thread-5 (]: Databricks adapter: Cursor(session-id=01f1a1e8-f964-1f25-9e84-b46fdf5e4ffd, command-id=01f1a1e8-fef5-19b1-94d9-c8f161e3b456) - Closing
[0m07:29:13.307663 [debug] [Thread-5 (]: On model.walmart_project.order_items_t: Close
[0m07:29:13.309645 [debug] [Thread-5 (]: Databricks adapter: Connection(session-id=01f1a1e8-f964-1f25-9e84-b46fdf5e4ffd) - Closing
[0m07:29:13.693738 [debug] [Thread-5 (]: Sending event: {'category': 'dbt', 'action': 'run_model', 'label': 'e80c1856-ad4c-4557-9b9f-323b2fdb984d', 'context': [<snowplow_tracker.self_describing_json.SelfDescribingJson object at 0x7d3a541b0190>]}
[0m07:29:13.697307 [info ] [Thread-5 (]: 3 of 6 OK created sql incremental model silver_t.order_items_t ................. [[32mOK[0m in 14.23s]
[0m07:29:13.700036 [debug] [Thread-5 (]: Finished running node model.walmart_project.order_items_t
[0m07:29:13.701778 [debug] [Thread-5 (]: Began running node model.walmart_project.orders_t
[0m07:29:13.703971 [info ] [Thread-5 (]: 4 of 6 START sql incremental model silver_t.orders_t ........................... [RUN]
[0m07:29:13.706732 [debug] [Thread-5 (]: Databricks adapter: DatabricksDBTConnection(session-id=None, name=model.walmart_project.orders_t) - Creating connection
[0m07:29:13.708680 [debug] [Thread-5 (]: Acquiring new databricks connection 'model.walmart_project.orders_t'
[0m07:29:13.710506 [debug] [Thread-5 (]: Began compiling node model.walmart_project.orders_t
[0m07:29:13.717754 [debug] [Thread-5 (]: Writing injected SQL for node "model.walmart_project.orders_t"
[0m07:29:13.729517 [debug] [Thread-5 (]: Began executing node model.walmart_project.orders_t
[0m07:29:13.734783 [debug] [Thread-5 (]: MATERIALIZING INCREMENTAL
[0m07:29:13.740688 [debug] [Thread-5 (]: Using databricks connection "model.walmart_project.orders_t"
[0m07:29:13.742519 [debug] [Thread-5 (]: On model.walmart_project.orders_t: /* {"app": "dbt", "dbt_version": "1.12.0", "dbt_databricks_version": "1.12.4", "databricks_sql_connector_version": "4.4.0", "profile_name": "walmart_project", "target_name": "dev", "invocation_id": "e80c1856-ad4c-4557-9b9f-323b2fdb984d", "node_id": "model.walmart_project.orders_t"} */
SELECT column_name
  FROM `walmart`.`information_schema`.`columns`
  WHERE table_catalog = 'walmart' 
    AND table_schema = 'silver_t'
    AND table_name = 'orders_t'
    AND is_nullable = 'NO';
  
[0m07:29:13.744525 [debug] [Thread-5 (]: Opening a new connection, currently in state init
[0m07:29:15.484235 [debug] [Thread-5 (]: Databricks adapter: Connection(session-id=01f1a1e9-01f1-168d-a8af-1b14d531b7fb) - Created
[0m07:29:16.176833 [debug] [Thread-5 (]: SQL status: OK in 2.430 seconds
[0m07:29:16.181393 [debug] [Thread-5 (]: Databricks adapter: Cursor(session-id=01f1a1e9-01f1-168d-a8af-1b14d531b7fb, command-id=01f1a1e9-023b-190f-b7b0-f3b470d56887) - Closing
[0m07:29:16.184278 [debug] [Thread-5 (]: Using databricks connection "model.walmart_project.orders_t"
[0m07:29:16.185926 [debug] [Thread-5 (]: On model.walmart_project.orders_t: /* {"app": "dbt", "dbt_version": "1.12.0", "dbt_databricks_version": "1.12.4", "databricks_sql_connector_version": "4.4.0", "profile_name": "walmart_project", "target_name": "dev", "invocation_id": "e80c1856-ad4c-4557-9b9f-323b2fdb984d", "node_id": "model.walmart_project.orders_t"} */
SELECT kcu.constraint_name, kcu.column_name
  FROM `walmart`.information_schema.key_column_usage kcu
  WHERE kcu.table_catalog = 'walmart' 
    AND kcu.table_schema = 'silver_t'
    AND kcu.table_name = 'orders_t' 
    AND kcu.constraint_name = (
      SELECT constraint_name
      FROM `walmart`.information_schema.table_constraints
      WHERE table_catalog = 'walmart'
        AND table_schema = 'silver_t'
        AND table_name = 'orders_t' 
        AND constraint_type = 'PRIMARY KEY'
    )
  ORDER BY kcu.ordinal_position;
  
[0m07:29:17.085508 [debug] [Thread-5 (]: SQL status: OK in 0.900 seconds
[0m07:29:17.089193 [debug] [Thread-5 (]: Databricks adapter: Cursor(session-id=01f1a1e9-01f1-168d-a8af-1b14d531b7fb, command-id=01f1a1e9-02a9-128d-aa7d-14f5ee507580) - Closing
[0m07:29:17.091913 [debug] [Thread-5 (]: Using databricks connection "model.walmart_project.orders_t"
[0m07:29:17.093480 [debug] [Thread-5 (]: On model.walmart_project.orders_t: /* {"app": "dbt", "dbt_version": "1.12.0", "dbt_databricks_version": "1.12.4", "databricks_sql_connector_version": "4.4.0", "profile_name": "walmart_project", "target_name": "dev", "invocation_id": "e80c1856-ad4c-4557-9b9f-323b2fdb984d", "node_id": "model.walmart_project.orders_t"} */
SELECT
    kcu.constraint_name,
    kcu.column_name AS from_column,
    ukcu.table_catalog AS to_catalog,
    ukcu.table_schema AS to_schema,
    ukcu.table_name AS to_table,
    ukcu.column_name AS to_column
  FROM `walmart`.information_schema.key_column_usage kcu
  JOIN `walmart`.information_schema.referential_constraints rc
    ON kcu.constraint_name = rc.constraint_name
  JOIN `walmart`.information_schema.key_column_usage ukcu
    ON rc.unique_constraint_name = ukcu.constraint_name
    AND kcu.ordinal_position = ukcu.ordinal_position
  WHERE kcu.table_catalog = 'walmart'
    AND kcu.table_schema = 'silver_t'
    AND kcu.table_name = 'orders_t'
    AND kcu.constraint_name IN (
      SELECT constraint_name
      FROM `walmart`.information_schema.table_constraints
      WHERE table_catalog = 'walmart'
        AND table_schema = 'silver_t'
        AND table_name = 'orders_t'
        AND constraint_type = 'FOREIGN KEY'
    )
  ORDER BY kcu.ordinal_position;
  
[0m07:29:18.703337 [debug] [Thread-5 (]: SQL status: OK in 1.610 seconds
[0m07:29:18.708887 [debug] [Thread-5 (]: Databricks adapter: Cursor(session-id=01f1a1e9-01f1-168d-a8af-1b14d531b7fb, command-id=01f1a1e9-032b-174c-b82c-8ef40cebf0a1) - Closing
[0m07:29:18.713297 [debug] [Thread-5 (]: Using databricks connection "model.walmart_project.orders_t"
[0m07:29:18.715355 [debug] [Thread-5 (]: On model.walmart_project.orders_t: /* {"app": "dbt", "dbt_version": "1.12.0", "dbt_databricks_version": "1.12.4", "databricks_sql_connector_version": "4.4.0", "profile_name": "walmart_project", "target_name": "dev", "invocation_id": "e80c1856-ad4c-4557-9b9f-323b2fdb984d", "node_id": "model.walmart_project.orders_t"} */
SELECT 
    column_name,
    mask_name,
    using_columns
  FROM `system`.`information_schema`.`column_masks`
  WHERE table_catalog = 'walmart'
    AND table_schema = 'silver_t'
    AND table_name = 'orders_t';
  
[0m07:29:19.311939 [debug] [Thread-5 (]: SQL status: OK in 0.590 seconds
[0m07:29:19.315566 [debug] [Thread-5 (]: Databricks adapter: Cursor(session-id=01f1a1e9-01f1-168d-a8af-1b14d531b7fb, command-id=01f1a1e9-0423-1b65-8839-f1b1888cc875) - Closing
[0m07:29:19.318279 [debug] [Thread-5 (]: Using databricks connection "model.walmart_project.orders_t"
[0m07:29:19.319783 [debug] [Thread-5 (]: On model.walmart_project.orders_t: /* {"app": "dbt", "dbt_version": "1.12.0", "dbt_databricks_version": "1.12.4", "databricks_sql_connector_version": "4.4.0", "profile_name": "walmart_project", "target_name": "dev", "invocation_id": "e80c1856-ad4c-4557-9b9f-323b2fdb984d", "node_id": "model.walmart_project.orders_t"} */
SELECT
    table_catalog,
    table_schema,
    table_name,
    filter_name,
    target_columns
  FROM `walmart`.`information_schema`.`row_filters`
  WHERE table_catalog = 'walmart'
    AND table_schema = 'silver_t'
    AND table_name = 'orders_t'
[0m07:29:20.132626 [debug] [Thread-5 (]: SQL status: OK in 0.810 seconds
[0m07:29:20.136155 [debug] [Thread-5 (]: Databricks adapter: Cursor(session-id=01f1a1e9-01f1-168d-a8af-1b14d531b7fb, command-id=01f1a1e9-047f-12a3-8dbf-6a40c30333cf) - Closing
[0m07:29:20.138656 [debug] [Thread-5 (]: Using databricks connection "model.walmart_project.orders_t"
[0m07:29:20.140066 [debug] [Thread-5 (]: On model.walmart_project.orders_t: /* {"app": "dbt", "dbt_version": "1.12.0", "dbt_databricks_version": "1.12.4", "databricks_sql_connector_version": "4.4.0", "profile_name": "walmart_project", "target_name": "dev", "invocation_id": "e80c1856-ad4c-4557-9b9f-323b2fdb984d", "node_id": "model.walmart_project.orders_t"} */
SHOW TBLPROPERTIES `walmart`.`silver_t`.`orders_t`
  
[0m07:29:21.361409 [debug] [Thread-5 (]: SQL status: OK in 1.220 seconds
[0m07:29:21.366666 [debug] [Thread-5 (]: Databricks adapter: Cursor(session-id=01f1a1e9-01f1-168d-a8af-1b14d531b7fb, command-id=01f1a1e9-04fc-171d-b6e9-c6f4bb1eb883) - Closing
[0m07:29:21.369914 [debug] [Thread-5 (]: Using databricks connection "model.walmart_project.orders_t"
[0m07:29:21.371772 [debug] [Thread-5 (]: On model.walmart_project.orders_t: /* {"app": "dbt", "dbt_version": "1.12.0", "dbt_databricks_version": "1.12.4", "databricks_sql_connector_version": "4.4.0", "profile_name": "walmart_project", "target_name": "dev", "invocation_id": "e80c1856-ad4c-4557-9b9f-323b2fdb984d", "node_id": "model.walmart_project.orders_t"} */
describe extended `walmart`.`silver_t`.`orders_t`
  
[0m07:29:21.917246 [debug] [Thread-5 (]: SQL status: OK in 0.540 seconds
[0m07:29:21.920892 [debug] [Thread-5 (]: Databricks adapter: Cursor(session-id=01f1a1e9-01f1-168d-a8af-1b14d531b7fb, command-id=01f1a1e9-05b8-1522-a848-376a57041dde) - Closing
[0m07:29:21.923014 [debug] [Thread-5 (]: Databricks adapter: Getting diff for ColumnCommentsConfig: comments={'order_id': ''} persist=False and comments={'order_id': '', 'customer_id': '', 'store_id': '', 'order_timestamp': '', 'payment_method': '', 'order_status': '', 'total_amount': '', 'created_timestamp': '', 'updated_timestamp': '', 'is_active': '', 'processed_at': '', '': ''} persist=False
[0m07:29:21.925268 [debug] [Thread-5 (]: Using databricks connection "model.walmart_project.orders_t"
[0m07:29:21.926691 [debug] [Thread-5 (]: On model.walmart_project.orders_t: /* {"app": "dbt", "dbt_version": "1.12.0", "dbt_databricks_version": "1.12.4", "databricks_sql_connector_version": "4.4.0", "profile_name": "walmart_project", "target_name": "dev", "invocation_id": "e80c1856-ad4c-4557-9b9f-323b2fdb984d", "node_id": "model.walmart_project.orders_t"} */

  
    create or replace temporary view `orders_t__dbt_tmp` as
      SELECT
    *,
    current_timestamp() AS processed_at
FROM `walmart`.`bronze`.`orders`



    WHERE updated_timestamp > (
        SELECT COALESCE(MAX(updated_timestamp), '1900-01-01')
        FROM `walmart`.`silver_t`.`orders_t`
    )
  
[0m07:29:23.328009 [debug] [Thread-5 (]: SQL status: OK in 1.400 seconds
[0m07:29:23.331726 [debug] [Thread-5 (]: Databricks adapter: Cursor(session-id=01f1a1e9-01f1-168d-a8af-1b14d531b7fb, command-id=01f1a1e9-0614-1106-9c0f-37f4ad5a7608) - Closing
[0m07:29:23.336831 [debug] [Thread-5 (]: Using databricks connection "model.walmart_project.orders_t"
[0m07:29:23.339441 [debug] [Thread-5 (]: On model.walmart_project.orders_t: /* {"app": "dbt", "dbt_version": "1.12.0", "dbt_databricks_version": "1.12.4", "databricks_sql_connector_version": "4.4.0", "profile_name": "walmart_project", "target_name": "dev", "invocation_id": "e80c1856-ad4c-4557-9b9f-323b2fdb984d", "node_id": "model.walmart_project.orders_t"} */

    
  DESCRIBE TABLE EXTENDED `walmart`.`silver_t`.`orders_t` AS JSON

  
[0m07:29:23.948306 [debug] [Thread-5 (]: SQL status: OK in 0.610 seconds
[0m07:29:23.953653 [debug] [Thread-5 (]: Databricks adapter: Cursor(session-id=01f1a1e9-01f1-168d-a8af-1b14d531b7fb, command-id=01f1a1e9-06e4-1d81-8f7c-96aebd9025ae) - Closing
[0m07:29:23.957883 [debug] [Thread-5 (]: Using databricks connection "model.walmart_project.orders_t"
[0m07:29:23.959451 [debug] [Thread-5 (]: On model.walmart_project.orders_t: /* {"app": "dbt", "dbt_version": "1.12.0", "dbt_databricks_version": "1.12.4", "databricks_sql_connector_version": "4.4.0", "profile_name": "walmart_project", "target_name": "dev", "invocation_id": "e80c1856-ad4c-4557-9b9f-323b2fdb984d", "node_id": "model.walmart_project.orders_t"} */

    
  DESCRIBE TABLE EXTENDED `orders_t__dbt_tmp` AS JSON

  
[0m07:29:24.449784 [debug] [Thread-5 (]: SQL status: OK in 0.490 seconds
[0m07:29:24.459498 [debug] [Thread-5 (]: Databricks adapter: Cursor(session-id=01f1a1e9-01f1-168d-a8af-1b14d531b7fb, command-id=01f1a1e9-0744-12c2-80ed-0ac5dfc20751) - Closing
[0m07:29:24.464955 [debug] [Thread-5 (]: Writing runtime sql for node "model.walmart_project.orders_t"
[0m07:29:24.489244 [debug] [Thread-5 (]: Using databricks connection "model.walmart_project.orders_t"
[0m07:29:24.491186 [debug] [Thread-5 (]: On model.walmart_project.orders_t: /* {"app": "dbt", "dbt_version": "1.12.0", "dbt_databricks_version": "1.12.4", "databricks_sql_connector_version": "4.4.0", "profile_name": "walmart_project", "target_name": "dev", "invocation_id": "e80c1856-ad4c-4557-9b9f-323b2fdb984d", "node_id": "model.walmart_project.orders_t"} */
-- back compat for old kwarg name
  
  
  
  
  
  
      
          
          
      
  

    merge
    into
        `walmart`.`silver_t`.`orders_t` as DBT_INTERNAL_DEST
    using
        `orders_t__dbt_tmp` as DBT_INTERNAL_SOURCE
    on
        
              DBT_INTERNAL_SOURCE.`order_id` <=> DBT_INTERNAL_DEST.`order_id`
          
    when matched
        then update set
            *
    when not matched
        then insert
            *

[0m07:29:27.746435 [debug] [Thread-5 (]: SQL status: OK in 3.250 seconds
[0m07:29:27.748851 [debug] [Thread-5 (]: Databricks adapter: Cursor(session-id=01f1a1e9-01f1-168d-a8af-1b14d531b7fb, command-id=01f1a1e9-0799-1456-9297-cad2d222397f) - Closing
[0m07:29:27.752028 [debug] [Thread-5 (]: On model.walmart_project.orders_t: Close
[0m07:29:27.753369 [debug] [Thread-5 (]: Databricks adapter: Connection(session-id=01f1a1e9-01f1-168d-a8af-1b14d531b7fb) - Closing
[0m07:29:28.133896 [debug] [Thread-5 (]: Sending event: {'category': 'dbt', 'action': 'run_model', 'label': 'e80c1856-ad4c-4557-9b9f-323b2fdb984d', 'context': [<snowplow_tracker.self_describing_json.SelfDescribingJson object at 0x7d3a54eae450>]}
[0m07:29:28.136683 [info ] [Thread-5 (]: 4 of 6 OK created sql incremental model silver_t.orders_t ...................... [[32mOK[0m in 14.43s]
[0m07:29:28.139127 [debug] [Thread-5 (]: Finished running node model.walmart_project.orders_t
[0m07:29:28.140734 [debug] [Thread-5 (]: Began running node model.walmart_project.products_t
[0m07:29:28.142631 [info ] [Thread-5 (]: 5 of 6 START sql incremental model silver_t.products_t ......................... [RUN]
[0m07:29:28.144913 [debug] [Thread-5 (]: Databricks adapter: DatabricksDBTConnection(session-id=None, name=model.walmart_project.products_t) - Creating connection
[0m07:29:28.146689 [debug] [Thread-5 (]: Acquiring new databricks connection 'model.walmart_project.products_t'
[0m07:29:28.148497 [debug] [Thread-5 (]: Began compiling node model.walmart_project.products_t
[0m07:29:28.153396 [debug] [Thread-5 (]: Writing injected SQL for node "model.walmart_project.products_t"
[0m07:29:28.166083 [debug] [Thread-5 (]: Began executing node model.walmart_project.products_t
[0m07:29:28.169373 [debug] [Thread-5 (]: MATERIALIZING INCREMENTAL
[0m07:29:28.174149 [debug] [Thread-5 (]: Using databricks connection "model.walmart_project.products_t"
[0m07:29:28.176096 [debug] [Thread-5 (]: On model.walmart_project.products_t: /* {"app": "dbt", "dbt_version": "1.12.0", "dbt_databricks_version": "1.12.4", "databricks_sql_connector_version": "4.4.0", "profile_name": "walmart_project", "target_name": "dev", "invocation_id": "e80c1856-ad4c-4557-9b9f-323b2fdb984d", "node_id": "model.walmart_project.products_t"} */
SELECT column_name
  FROM `walmart`.`information_schema`.`columns`
  WHERE table_catalog = 'walmart' 
    AND table_schema = 'silver_t'
    AND table_name = 'products_t'
    AND is_nullable = 'NO';
  
[0m07:29:28.177962 [debug] [Thread-5 (]: Opening a new connection, currently in state init
[0m07:29:29.697966 [debug] [Thread-5 (]: Databricks adapter: Connection(session-id=01f1a1e9-0a71-1eb7-a178-441cdb791f21) - Created
[0m07:29:30.480489 [debug] [Thread-5 (]: SQL status: OK in 2.300 seconds
[0m07:29:30.484658 [debug] [Thread-5 (]: Databricks adapter: Cursor(session-id=01f1a1e9-0a71-1eb7-a178-441cdb791f21, command-id=01f1a1e9-0ab8-1801-b6d7-54a36067bd98) - Closing
[0m07:29:30.487619 [debug] [Thread-5 (]: Using databricks connection "model.walmart_project.products_t"
[0m07:29:30.489450 [debug] [Thread-5 (]: On model.walmart_project.products_t: /* {"app": "dbt", "dbt_version": "1.12.0", "dbt_databricks_version": "1.12.4", "databricks_sql_connector_version": "4.4.0", "profile_name": "walmart_project", "target_name": "dev", "invocation_id": "e80c1856-ad4c-4557-9b9f-323b2fdb984d", "node_id": "model.walmart_project.products_t"} */
SELECT kcu.constraint_name, kcu.column_name
  FROM `walmart`.information_schema.key_column_usage kcu
  WHERE kcu.table_catalog = 'walmart' 
    AND kcu.table_schema = 'silver_t'
    AND kcu.table_name = 'products_t' 
    AND kcu.constraint_name = (
      SELECT constraint_name
      FROM `walmart`.information_schema.table_constraints
      WHERE table_catalog = 'walmart'
        AND table_schema = 'silver_t'
        AND table_name = 'products_t' 
        AND constraint_type = 'PRIMARY KEY'
    )
  ORDER BY kcu.ordinal_position;
  
[0m07:29:31.606715 [debug] [Thread-5 (]: SQL status: OK in 1.120 seconds
[0m07:29:31.610940 [debug] [Thread-5 (]: Databricks adapter: Cursor(session-id=01f1a1e9-0a71-1eb7-a178-441cdb791f21, command-id=01f1a1e9-0b2a-1643-b1b1-8c5c74445ace) - Closing
[0m07:29:31.613727 [debug] [Thread-5 (]: Using databricks connection "model.walmart_project.products_t"
[0m07:29:31.615461 [debug] [Thread-5 (]: On model.walmart_project.products_t: /* {"app": "dbt", "dbt_version": "1.12.0", "dbt_databricks_version": "1.12.4", "databricks_sql_connector_version": "4.4.0", "profile_name": "walmart_project", "target_name": "dev", "invocation_id": "e80c1856-ad4c-4557-9b9f-323b2fdb984d", "node_id": "model.walmart_project.products_t"} */
SELECT
    kcu.constraint_name,
    kcu.column_name AS from_column,
    ukcu.table_catalog AS to_catalog,
    ukcu.table_schema AS to_schema,
    ukcu.table_name AS to_table,
    ukcu.column_name AS to_column
  FROM `walmart`.information_schema.key_column_usage kcu
  JOIN `walmart`.information_schema.referential_constraints rc
    ON kcu.constraint_name = rc.constraint_name
  JOIN `walmart`.information_schema.key_column_usage ukcu
    ON rc.unique_constraint_name = ukcu.constraint_name
    AND kcu.ordinal_position = ukcu.ordinal_position
  WHERE kcu.table_catalog = 'walmart'
    AND kcu.table_schema = 'silver_t'
    AND kcu.table_name = 'products_t'
    AND kcu.constraint_name IN (
      SELECT constraint_name
      FROM `walmart`.information_schema.table_constraints
      WHERE table_catalog = 'walmart'
        AND table_schema = 'silver_t'
        AND table_name = 'products_t'
        AND constraint_type = 'FOREIGN KEY'
    )
  ORDER BY kcu.ordinal_position;
  
[0m07:29:33.278107 [debug] [Thread-5 (]: SQL status: OK in 1.660 seconds
[0m07:29:33.282687 [debug] [Thread-5 (]: Databricks adapter: Cursor(session-id=01f1a1e9-0a71-1eb7-a178-441cdb791f21, command-id=01f1a1e9-0bd5-1b0a-9ccf-1481f720c160) - Closing
[0m07:29:33.286689 [debug] [Thread-5 (]: Using databricks connection "model.walmart_project.products_t"
[0m07:29:33.288672 [debug] [Thread-5 (]: On model.walmart_project.products_t: /* {"app": "dbt", "dbt_version": "1.12.0", "dbt_databricks_version": "1.12.4", "databricks_sql_connector_version": "4.4.0", "profile_name": "walmart_project", "target_name": "dev", "invocation_id": "e80c1856-ad4c-4557-9b9f-323b2fdb984d", "node_id": "model.walmart_project.products_t"} */
SELECT 
    column_name,
    mask_name,
    using_columns
  FROM `system`.`information_schema`.`column_masks`
  WHERE table_catalog = 'walmart'
    AND table_schema = 'silver_t'
    AND table_name = 'products_t';
  
[0m07:29:33.883750 [debug] [Thread-5 (]: SQL status: OK in 0.590 seconds
[0m07:29:33.888016 [debug] [Thread-5 (]: Databricks adapter: Cursor(session-id=01f1a1e9-0a71-1eb7-a178-441cdb791f21, command-id=01f1a1e9-0cda-1f55-9ed9-1be882ecd87d) - Closing
[0m07:29:33.891243 [debug] [Thread-5 (]: Using databricks connection "model.walmart_project.products_t"
[0m07:29:33.893643 [debug] [Thread-5 (]: On model.walmart_project.products_t: /* {"app": "dbt", "dbt_version": "1.12.0", "dbt_databricks_version": "1.12.4", "databricks_sql_connector_version": "4.4.0", "profile_name": "walmart_project", "target_name": "dev", "invocation_id": "e80c1856-ad4c-4557-9b9f-323b2fdb984d", "node_id": "model.walmart_project.products_t"} */
SELECT
    table_catalog,
    table_schema,
    table_name,
    filter_name,
    target_columns
  FROM `walmart`.`information_schema`.`row_filters`
  WHERE table_catalog = 'walmart'
    AND table_schema = 'silver_t'
    AND table_name = 'products_t'
[0m07:29:34.567633 [debug] [Thread-5 (]: SQL status: OK in 0.670 seconds
[0m07:29:34.571294 [debug] [Thread-5 (]: Databricks adapter: Cursor(session-id=01f1a1e9-0a71-1eb7-a178-441cdb791f21, command-id=01f1a1e9-0d31-1189-92a3-cbf83fbd3691) - Closing
[0m07:29:34.574001 [debug] [Thread-5 (]: Using databricks connection "model.walmart_project.products_t"
[0m07:29:34.575540 [debug] [Thread-5 (]: On model.walmart_project.products_t: /* {"app": "dbt", "dbt_version": "1.12.0", "dbt_databricks_version": "1.12.4", "databricks_sql_connector_version": "4.4.0", "profile_name": "walmart_project", "target_name": "dev", "invocation_id": "e80c1856-ad4c-4557-9b9f-323b2fdb984d", "node_id": "model.walmart_project.products_t"} */
SHOW TBLPROPERTIES `walmart`.`silver_t`.`products_t`
  
[0m07:29:35.505338 [debug] [Thread-5 (]: SQL status: OK in 0.930 seconds
[0m07:29:35.510342 [debug] [Thread-5 (]: Databricks adapter: Cursor(session-id=01f1a1e9-0a71-1eb7-a178-441cdb791f21, command-id=01f1a1e9-0d98-1969-804e-ea4e1c218bc9) - Closing
[0m07:29:35.513655 [debug] [Thread-5 (]: Using databricks connection "model.walmart_project.products_t"
[0m07:29:35.515311 [debug] [Thread-5 (]: On model.walmart_project.products_t: /* {"app": "dbt", "dbt_version": "1.12.0", "dbt_databricks_version": "1.12.4", "databricks_sql_connector_version": "4.4.0", "profile_name": "walmart_project", "target_name": "dev", "invocation_id": "e80c1856-ad4c-4557-9b9f-323b2fdb984d", "node_id": "model.walmart_project.products_t"} */
describe extended `walmart`.`silver_t`.`products_t`
  
[0m07:29:36.116379 [debug] [Thread-5 (]: SQL status: OK in 0.600 seconds
[0m07:29:36.120754 [debug] [Thread-5 (]: Databricks adapter: Cursor(session-id=01f1a1e9-0a71-1eb7-a178-441cdb791f21, command-id=01f1a1e9-0e28-1e5f-a21f-9f92ceda0cd0) - Closing
[0m07:29:36.123671 [debug] [Thread-5 (]: Databricks adapter: Getting diff for ColumnCommentsConfig: comments={'product_id': ''} persist=False and comments={'product_id': '', 'product_name': '', 'category': '', 'brand': '', 'price': '', 'created_timestamp': '', 'updated_timestamp': '', 'is_active': '', 'processed_at': '', '': ''} persist=False
[0m07:29:36.127015 [debug] [Thread-5 (]: Using databricks connection "model.walmart_project.products_t"
[0m07:29:36.129543 [debug] [Thread-5 (]: On model.walmart_project.products_t: /* {"app": "dbt", "dbt_version": "1.12.0", "dbt_databricks_version": "1.12.4", "databricks_sql_connector_version": "4.4.0", "profile_name": "walmart_project", "target_name": "dev", "invocation_id": "e80c1856-ad4c-4557-9b9f-323b2fdb984d", "node_id": "model.walmart_project.products_t"} */

  
    create or replace temporary view `products_t__dbt_tmp` as
      SELECT
    *,
    current_timestamp() AS processed_at
FROM `walmart`.`bronze`.`products`


 
    WHERE updated_timestamp > (
        SELECT COALESCE(MAX(updated_timestamp), '1900-01-01')
        FROM `walmart`.`silver_t`.`products_t`
    )
  
[0m07:29:37.053768 [debug] [Thread-5 (]: SQL status: OK in 0.920 seconds
[0m07:29:37.059700 [debug] [Thread-5 (]: Databricks adapter: Cursor(session-id=01f1a1e9-0a71-1eb7-a178-441cdb791f21, command-id=01f1a1e9-0e86-183a-b513-26699321db95) - Closing
[0m07:29:37.067373 [debug] [Thread-5 (]: Using databricks connection "model.walmart_project.products_t"
[0m07:29:37.070604 [debug] [Thread-5 (]: On model.walmart_project.products_t: /* {"app": "dbt", "dbt_version": "1.12.0", "dbt_databricks_version": "1.12.4", "databricks_sql_connector_version": "4.4.0", "profile_name": "walmart_project", "target_name": "dev", "invocation_id": "e80c1856-ad4c-4557-9b9f-323b2fdb984d", "node_id": "model.walmart_project.products_t"} */

    
  DESCRIBE TABLE EXTENDED `walmart`.`silver_t`.`products_t` AS JSON

  
[0m07:29:37.853623 [debug] [Thread-5 (]: SQL status: OK in 0.780 seconds
[0m07:29:37.857463 [debug] [Thread-5 (]: Databricks adapter: Cursor(session-id=01f1a1e9-0a71-1eb7-a178-441cdb791f21, command-id=01f1a1e9-0f1d-1813-949c-e60b468cbab0) - Closing
[0m07:29:37.860514 [debug] [Thread-5 (]: Using databricks connection "model.walmart_project.products_t"
[0m07:29:37.862255 [debug] [Thread-5 (]: On model.walmart_project.products_t: /* {"app": "dbt", "dbt_version": "1.12.0", "dbt_databricks_version": "1.12.4", "databricks_sql_connector_version": "4.4.0", "profile_name": "walmart_project", "target_name": "dev", "invocation_id": "e80c1856-ad4c-4557-9b9f-323b2fdb984d", "node_id": "model.walmart_project.products_t"} */

    
  DESCRIBE TABLE EXTENDED `products_t__dbt_tmp` AS JSON

  
[0m07:29:38.288681 [debug] [Thread-5 (]: SQL status: OK in 0.420 seconds
[0m07:29:38.292460 [debug] [Thread-5 (]: Databricks adapter: Cursor(session-id=01f1a1e9-0a71-1eb7-a178-441cdb791f21, command-id=01f1a1e9-0f8f-1511-873f-cf1a6fe325eb) - Closing
[0m07:29:38.295250 [debug] [Thread-5 (]: Writing runtime sql for node "model.walmart_project.products_t"
[0m07:29:38.309266 [debug] [Thread-5 (]: Using databricks connection "model.walmart_project.products_t"
[0m07:29:38.311369 [debug] [Thread-5 (]: On model.walmart_project.products_t: /* {"app": "dbt", "dbt_version": "1.12.0", "dbt_databricks_version": "1.12.4", "databricks_sql_connector_version": "4.4.0", "profile_name": "walmart_project", "target_name": "dev", "invocation_id": "e80c1856-ad4c-4557-9b9f-323b2fdb984d", "node_id": "model.walmart_project.products_t"} */
-- back compat for old kwarg name
  
  
  
  
  
  
      
          
          
      
  

    merge
    into
        `walmart`.`silver_t`.`products_t` as DBT_INTERNAL_DEST
    using
        `products_t__dbt_tmp` as DBT_INTERNAL_SOURCE
    on
        
              DBT_INTERNAL_SOURCE.`product_id` <=> DBT_INTERNAL_DEST.`product_id`
          
    when matched
        then update set
            *
    when not matched
        then insert
            *

[0m07:29:41.755359 [debug] [Thread-5 (]: SQL status: OK in 3.440 seconds
[0m07:29:41.759002 [debug] [Thread-5 (]: Databricks adapter: Cursor(session-id=01f1a1e9-0a71-1eb7-a178-441cdb791f21, command-id=01f1a1e9-0fd8-1f99-a1b1-92f6b7c994e5) - Closing
[0m07:29:41.763173 [debug] [Thread-5 (]: On model.walmart_project.products_t: Close
[0m07:29:41.764800 [debug] [Thread-5 (]: Databricks adapter: Connection(session-id=01f1a1e9-0a71-1eb7-a178-441cdb791f21) - Closing
[0m07:29:42.158326 [debug] [Thread-5 (]: Sending event: {'category': 'dbt', 'action': 'run_model', 'label': 'e80c1856-ad4c-4557-9b9f-323b2fdb984d', 'context': [<snowplow_tracker.self_describing_json.SelfDescribingJson object at 0x7d3a54b29710>]}
[0m07:29:42.160920 [info ] [Thread-5 (]: 5 of 6 OK created sql incremental model silver_t.products_t .................... [[32mOK[0m in 14.01s]
[0m07:29:42.163189 [debug] [Thread-5 (]: Finished running node model.walmart_project.products_t
[0m07:29:42.165291 [debug] [Thread-5 (]: Began running node model.walmart_project.stores_t
[0m07:29:42.167099 [info ] [Thread-5 (]: 6 of 6 START sql incremental model silver_t.stores_t ........................... [RUN]
[0m07:29:42.169142 [debug] [Thread-5 (]: Databricks adapter: DatabricksDBTConnection(session-id=None, name=model.walmart_project.stores_t) - Creating connection
[0m07:29:42.170642 [debug] [Thread-5 (]: Acquiring new databricks connection 'model.walmart_project.stores_t'
[0m07:29:42.172037 [debug] [Thread-5 (]: Began compiling node model.walmart_project.stores_t
[0m07:29:42.249647 [debug] [Thread-5 (]: Writing injected SQL for node "model.walmart_project.stores_t"
[0m07:29:42.264385 [debug] [Thread-5 (]: Began executing node model.walmart_project.stores_t
[0m07:29:42.268477 [debug] [Thread-5 (]: MATERIALIZING INCREMENTAL
[0m07:29:42.274972 [debug] [Thread-5 (]: Using databricks connection "model.walmart_project.stores_t"
[0m07:29:42.277511 [debug] [Thread-5 (]: On model.walmart_project.stores_t: /* {"app": "dbt", "dbt_version": "1.12.0", "dbt_databricks_version": "1.12.4", "databricks_sql_connector_version": "4.4.0", "profile_name": "walmart_project", "target_name": "dev", "invocation_id": "e80c1856-ad4c-4557-9b9f-323b2fdb984d", "node_id": "model.walmart_project.stores_t"} */
SELECT column_name
  FROM `walmart`.`information_schema`.`columns`
  WHERE table_catalog = 'walmart' 
    AND table_schema = 'silver_t'
    AND table_name = 'stores_t'
    AND is_nullable = 'NO';
  
[0m07:29:42.279854 [debug] [Thread-5 (]: Opening a new connection, currently in state init
[0m07:29:43.926459 [debug] [Thread-5 (]: Databricks adapter: Connection(session-id=01f1a1e9-12e8-1e84-aaa9-793ad7f543c1) - Created
[0m07:29:44.624866 [debug] [Thread-5 (]: SQL status: OK in 2.350 seconds
[0m07:29:44.629167 [debug] [Thread-5 (]: Databricks adapter: Cursor(session-id=01f1a1e9-12e8-1e84-aaa9-793ad7f543c1, command-id=01f1a1e9-132c-10b5-9b17-950299aa04d8) - Closing
[0m07:29:44.632456 [debug] [Thread-5 (]: Using databricks connection "model.walmart_project.stores_t"
[0m07:29:44.634377 [debug] [Thread-5 (]: On model.walmart_project.stores_t: /* {"app": "dbt", "dbt_version": "1.12.0", "dbt_databricks_version": "1.12.4", "databricks_sql_connector_version": "4.4.0", "profile_name": "walmart_project", "target_name": "dev", "invocation_id": "e80c1856-ad4c-4557-9b9f-323b2fdb984d", "node_id": "model.walmart_project.stores_t"} */
SELECT kcu.constraint_name, kcu.column_name
  FROM `walmart`.information_schema.key_column_usage kcu
  WHERE kcu.table_catalog = 'walmart' 
    AND kcu.table_schema = 'silver_t'
    AND kcu.table_name = 'stores_t' 
    AND kcu.constraint_name = (
      SELECT constraint_name
      FROM `walmart`.information_schema.table_constraints
      WHERE table_catalog = 'walmart'
        AND table_schema = 'silver_t'
        AND table_name = 'stores_t' 
        AND constraint_type = 'PRIMARY KEY'
    )
  ORDER BY kcu.ordinal_position;
  
[0m07:29:45.547912 [debug] [Thread-5 (]: SQL status: OK in 0.910 seconds
[0m07:29:45.553504 [debug] [Thread-5 (]: Databricks adapter: Cursor(session-id=01f1a1e9-12e8-1e84-aaa9-793ad7f543c1, command-id=01f1a1e9-1397-15cf-9f3e-198d114d577f) - Closing
[0m07:29:45.557903 [debug] [Thread-5 (]: Using databricks connection "model.walmart_project.stores_t"
[0m07:29:45.561013 [debug] [Thread-5 (]: On model.walmart_project.stores_t: /* {"app": "dbt", "dbt_version": "1.12.0", "dbt_databricks_version": "1.12.4", "databricks_sql_connector_version": "4.4.0", "profile_name": "walmart_project", "target_name": "dev", "invocation_id": "e80c1856-ad4c-4557-9b9f-323b2fdb984d", "node_id": "model.walmart_project.stores_t"} */
SELECT
    kcu.constraint_name,
    kcu.column_name AS from_column,
    ukcu.table_catalog AS to_catalog,
    ukcu.table_schema AS to_schema,
    ukcu.table_name AS to_table,
    ukcu.column_name AS to_column
  FROM `walmart`.information_schema.key_column_usage kcu
  JOIN `walmart`.information_schema.referential_constraints rc
    ON kcu.constraint_name = rc.constraint_name
  JOIN `walmart`.information_schema.key_column_usage ukcu
    ON rc.unique_constraint_name = ukcu.constraint_name
    AND kcu.ordinal_position = ukcu.ordinal_position
  WHERE kcu.table_catalog = 'walmart'
    AND kcu.table_schema = 'silver_t'
    AND kcu.table_name = 'stores_t'
    AND kcu.constraint_name IN (
      SELECT constraint_name
      FROM `walmart`.information_schema.table_constraints
      WHERE table_catalog = 'walmart'
        AND table_schema = 'silver_t'
        AND table_name = 'stores_t'
        AND constraint_type = 'FOREIGN KEY'
    )
  ORDER BY kcu.ordinal_position;
  
[0m07:29:47.062900 [debug] [Thread-5 (]: SQL status: OK in 1.500 seconds
[0m07:29:47.067420 [debug] [Thread-5 (]: Databricks adapter: Cursor(session-id=01f1a1e9-12e8-1e84-aaa9-793ad7f543c1, command-id=01f1a1e9-1424-1ed7-a2f2-4ed7f4f12792) - Closing
[0m07:29:47.070209 [debug] [Thread-5 (]: Using databricks connection "model.walmart_project.stores_t"
[0m07:29:47.071724 [debug] [Thread-5 (]: On model.walmart_project.stores_t: /* {"app": "dbt", "dbt_version": "1.12.0", "dbt_databricks_version": "1.12.4", "databricks_sql_connector_version": "4.4.0", "profile_name": "walmart_project", "target_name": "dev", "invocation_id": "e80c1856-ad4c-4557-9b9f-323b2fdb984d", "node_id": "model.walmart_project.stores_t"} */
SELECT 
    column_name,
    mask_name,
    using_columns
  FROM `system`.`information_schema`.`column_masks`
  WHERE table_catalog = 'walmart'
    AND table_schema = 'silver_t'
    AND table_name = 'stores_t';
  
[0m07:29:47.719717 [debug] [Thread-5 (]: SQL status: OK in 0.650 seconds
[0m07:29:47.723680 [debug] [Thread-5 (]: Databricks adapter: Cursor(session-id=01f1a1e9-12e8-1e84-aaa9-793ad7f543c1, command-id=01f1a1e9-150b-17ce-a9f2-94a30cda4ea9) - Closing
[0m07:29:47.726798 [debug] [Thread-5 (]: Using databricks connection "model.walmart_project.stores_t"
[0m07:29:47.728501 [debug] [Thread-5 (]: On model.walmart_project.stores_t: /* {"app": "dbt", "dbt_version": "1.12.0", "dbt_databricks_version": "1.12.4", "databricks_sql_connector_version": "4.4.0", "profile_name": "walmart_project", "target_name": "dev", "invocation_id": "e80c1856-ad4c-4557-9b9f-323b2fdb984d", "node_id": "model.walmart_project.stores_t"} */
SELECT
    table_catalog,
    table_schema,
    table_name,
    filter_name,
    target_columns
  FROM `walmart`.`information_schema`.`row_filters`
  WHERE table_catalog = 'walmart'
    AND table_schema = 'silver_t'
    AND table_name = 'stores_t'
[0m07:29:48.520834 [debug] [Thread-5 (]: SQL status: OK in 0.790 seconds
[0m07:29:48.525388 [debug] [Thread-5 (]: Databricks adapter: Cursor(session-id=01f1a1e9-12e8-1e84-aaa9-793ad7f543c1, command-id=01f1a1e9-1575-1725-901f-6ae4d4d3885b) - Closing
[0m07:29:48.530771 [debug] [Thread-5 (]: Using databricks connection "model.walmart_project.stores_t"
[0m07:29:48.532950 [debug] [Thread-5 (]: On model.walmart_project.stores_t: /* {"app": "dbt", "dbt_version": "1.12.0", "dbt_databricks_version": "1.12.4", "databricks_sql_connector_version": "4.4.0", "profile_name": "walmart_project", "target_name": "dev", "invocation_id": "e80c1856-ad4c-4557-9b9f-323b2fdb984d", "node_id": "model.walmart_project.stores_t"} */
SHOW TBLPROPERTIES `walmart`.`silver_t`.`stores_t`
  
[0m07:29:49.428569 [debug] [Thread-5 (]: SQL status: OK in 0.890 seconds
[0m07:29:49.432423 [debug] [Thread-5 (]: Databricks adapter: Cursor(session-id=01f1a1e9-12e8-1e84-aaa9-793ad7f543c1, command-id=01f1a1e9-15ea-1335-aa03-0ae57d6a80f3) - Closing
[0m07:29:49.435143 [debug] [Thread-5 (]: Using databricks connection "model.walmart_project.stores_t"
[0m07:29:49.436899 [debug] [Thread-5 (]: On model.walmart_project.stores_t: /* {"app": "dbt", "dbt_version": "1.12.0", "dbt_databricks_version": "1.12.4", "databricks_sql_connector_version": "4.4.0", "profile_name": "walmart_project", "target_name": "dev", "invocation_id": "e80c1856-ad4c-4557-9b9f-323b2fdb984d", "node_id": "model.walmart_project.stores_t"} */
describe extended `walmart`.`silver_t`.`stores_t`
  
[0m07:29:50.137224 [debug] [Thread-5 (]: SQL status: OK in 0.700 seconds
[0m07:29:50.143060 [debug] [Thread-5 (]: Databricks adapter: Cursor(session-id=01f1a1e9-12e8-1e84-aaa9-793ad7f543c1, command-id=01f1a1e9-1673-1c55-8c7c-1292809fa03c) - Closing
[0m07:29:50.146495 [debug] [Thread-5 (]: Databricks adapter: Getting diff for ColumnCommentsConfig: comments={} persist=False and comments={'store_id': '', 'store_name': '', 'city': '', 'province': '', 'country': '', 'created_timestamp': '', 'updated_timestamp': '', 'is_active': '', 'processed_at': '', '': ''} persist=False
[0m07:29:50.150117 [debug] [Thread-5 (]: Using databricks connection "model.walmart_project.stores_t"
[0m07:29:50.152274 [debug] [Thread-5 (]: On model.walmart_project.stores_t: /* {"app": "dbt", "dbt_version": "1.12.0", "dbt_databricks_version": "1.12.4", "databricks_sql_connector_version": "4.4.0", "profile_name": "walmart_project", "target_name": "dev", "invocation_id": "e80c1856-ad4c-4557-9b9f-323b2fdb984d", "node_id": "model.walmart_project.stores_t"} */

  
    create or replace temporary view `stores_t__dbt_tmp` as
      SELECT
    *,
    current_timestamp() AS processed_at
FROM `walmart`.`bronze`.`stores`


 
    WHERE updated_timestamp > (
        SELECT COALESCE(MAX(updated_timestamp), '1900-01-01')
        FROM `walmart`.`silver_t`.`stores_t`
    )
  
[0m07:29:51.069529 [debug] [Thread-5 (]: SQL status: OK in 0.920 seconds
[0m07:29:51.072714 [debug] [Thread-5 (]: Databricks adapter: Cursor(session-id=01f1a1e9-12e8-1e84-aaa9-793ad7f543c1, command-id=01f1a1e9-16e1-1993-9f04-3086a389a9b9) - Closing
[0m07:29:51.077360 [debug] [Thread-5 (]: Using databricks connection "model.walmart_project.stores_t"
[0m07:29:51.079438 [debug] [Thread-5 (]: On model.walmart_project.stores_t: /* {"app": "dbt", "dbt_version": "1.12.0", "dbt_databricks_version": "1.12.4", "databricks_sql_connector_version": "4.4.0", "profile_name": "walmart_project", "target_name": "dev", "invocation_id": "e80c1856-ad4c-4557-9b9f-323b2fdb984d", "node_id": "model.walmart_project.stores_t"} */

    
  DESCRIBE TABLE EXTENDED `walmart`.`silver_t`.`stores_t` AS JSON

  
[0m07:29:51.699796 [debug] [Thread-5 (]: SQL status: OK in 0.620 seconds
[0m07:29:51.705133 [debug] [Thread-5 (]: Databricks adapter: Cursor(session-id=01f1a1e9-12e8-1e84-aaa9-793ad7f543c1, command-id=01f1a1e9-176e-17ce-9e78-2ed5ad33b860) - Closing
[0m07:29:51.709505 [debug] [Thread-5 (]: Using databricks connection "model.walmart_project.stores_t"
[0m07:29:51.711813 [debug] [Thread-5 (]: On model.walmart_project.stores_t: /* {"app": "dbt", "dbt_version": "1.12.0", "dbt_databricks_version": "1.12.4", "databricks_sql_connector_version": "4.4.0", "profile_name": "walmart_project", "target_name": "dev", "invocation_id": "e80c1856-ad4c-4557-9b9f-323b2fdb984d", "node_id": "model.walmart_project.stores_t"} */

    
  DESCRIBE TABLE EXTENDED `stores_t__dbt_tmp` AS JSON

  
[0m07:29:52.115168 [debug] [Thread-5 (]: SQL status: OK in 0.400 seconds
[0m07:29:52.118690 [debug] [Thread-5 (]: Databricks adapter: Cursor(session-id=01f1a1e9-12e8-1e84-aaa9-793ad7f543c1, command-id=01f1a1e9-17ce-1869-bcd7-3b87ed33e6bc) - Closing
[0m07:29:52.121555 [debug] [Thread-5 (]: Writing runtime sql for node "model.walmart_project.stores_t"
[0m07:29:52.133879 [debug] [Thread-5 (]: Using databricks connection "model.walmart_project.stores_t"
[0m07:29:52.135497 [debug] [Thread-5 (]: On model.walmart_project.stores_t: /* {"app": "dbt", "dbt_version": "1.12.0", "dbt_databricks_version": "1.12.4", "databricks_sql_connector_version": "4.4.0", "profile_name": "walmart_project", "target_name": "dev", "invocation_id": "e80c1856-ad4c-4557-9b9f-323b2fdb984d", "node_id": "model.walmart_project.stores_t"} */
-- back compat for old kwarg name
  
  
  
  
  
  
      
          
          
      
  

    merge
    into
        `walmart`.`silver_t`.`stores_t` as DBT_INTERNAL_DEST
    using
        `stores_t__dbt_tmp` as DBT_INTERNAL_SOURCE
    on
        
              DBT_INTERNAL_SOURCE.`store_id` <=> DBT_INTERNAL_DEST.`store_id`
          
    when matched
        then update set
            *
    when not matched
        then insert
            *

[0m07:29:55.677766 [debug] [Thread-5 (]: SQL status: OK in 3.540 seconds
[0m07:29:55.681484 [debug] [Thread-5 (]: Databricks adapter: Cursor(session-id=01f1a1e9-12e8-1e84-aaa9-793ad7f543c1, command-id=01f1a1e9-1815-1c3a-853b-e8dbda2ca7fd) - Closing
[0m07:29:55.684944 [debug] [Thread-5 (]: On model.walmart_project.stores_t: Close
[0m07:29:55.686612 [debug] [Thread-5 (]: Databricks adapter: Connection(session-id=01f1a1e9-12e8-1e84-aaa9-793ad7f543c1) - Closing
[0m07:29:56.088075 [debug] [Thread-5 (]: Sending event: {'category': 'dbt', 'action': 'run_model', 'label': 'e80c1856-ad4c-4557-9b9f-323b2fdb984d', 'context': [<snowplow_tracker.self_describing_json.SelfDescribingJson object at 0x7d3a54b13230>]}
[0m07:29:56.090970 [info ] [Thread-5 (]: 6 of 6 OK created sql incremental model silver_t.stores_t ...................... [[32mOK[0m in 13.92s]
[0m07:29:56.094196 [debug] [Thread-5 (]: Finished running node model.walmart_project.stores_t
[0m07:29:56.099851 [debug] [MainThread]: Databricks adapter: DatabricksDBTConnection(session-id=None, name=master) - Creating connection
[0m07:29:56.103087 [debug] [MainThread]: Acquiring new databricks connection 'master'
[0m07:29:56.105604 [info ] [MainThread]: 
[0m07:29:56.108106 [info ] [MainThread]: Finished running 6 incremental models in 0 hours 2 minutes and 7.98 seconds (127.98s).
[0m07:29:56.114011 [debug] [MainThread]: Command end result
[0m07:29:56.418488 [debug] [MainThread]: Wrote artifact WritableManifest to /opt/airflow/walmart_project/target/manifest.json
[0m07:29:56.430157 [debug] [MainThread]: Wrote artifact SemanticManifest to /opt/airflow/walmart_project/target/semantic_manifest.json
[0m07:29:56.440426 [debug] [MainThread]: Wrote artifact OsiDocument to /opt/airflow/walmart_project/target/osi_document.json
[0m07:29:56.464104 [debug] [MainThread]: Wrote artifact RunExecutionResult to /opt/airflow/walmart_project/target/run_results.json
[0m07:29:56.467379 [info ] [MainThread]: 
[0m07:29:56.469578 [info ] [MainThread]: [32mCompleted successfully[0m
[0m07:29:56.471591 [info ] [MainThread]: 
[0m07:29:56.473851 [info ] [MainThread]: Done. PASS=6 WARN=0 ERROR=0 SKIP=0 NO-OP=0 REUSED=0 TOTAL=6
[0m07:29:56.476846 [debug] [MainThread]: Resource report: {"command_name": "run", "command_success": true, "command_wall_clock_time": 134.01257, "process_in_blocks": "63763", "process_kernel_time": 1.068306, "process_mem_max_rss": "306564", "process_out_blocks": "152", "process_user_time": 11.719243}
[0m07:29:56.478455 [debug] [MainThread]: Command `dbt run` succeeded at 07:29:56.478231 after 134.01 seconds
[0m07:29:56.479841 [debug] [MainThread]: Sending event: {'category': 'dbt', 'action': 'invocation', 'label': 'end', 'context': [<snowplow_tracker.self_describing_json.SelfDescribingJson object at 0x7d3a54a82450>, <snowplow_tracker.self_describing_json.SelfDescribingJson object at 0x7d3a7c0e1b50>, <snowplow_tracker.self_describing_json.SelfDescribingJson object at 0x7d3a54b12990>]}
[0m07:29:56.481308 [debug] [MainThread]: Flushing usage events
[0m07:29:57.964560 [debug] [MainThread]: An error was encountered while trying to flush usage events
[0m07:30:04.832167 [debug] [MainThread]: Sending event: {'category': 'dbt', 'action': 'invocation', 'label': 'start', 'context': [<snowplow_tracker.self_describing_json.SelfDescribingJson object at 0x75ccae44e3c0>, <snowplow_tracker.self_describing_json.SelfDescribingJson object at 0x75ccb10b1090>, <snowplow_tracker.self_describing_json.SelfDescribingJson object at 0x75ccacfcbc50>]}


============================== 07:30:04.842038 | ed507ea9-48d6-45fc-86db-2373c7b70e81 ==============================
[0m07:30:04.842038 [info ] [MainThread]: Running with dbt=1.12.0
[0m07:30:04.845303 [debug] [MainThread]: running dbt with arguments {'introspect': 'True', 'empty': 'None', 'profiles_dir': '/opt/airflow/walmart_project', 'indirect_selection': 'eager', 'partial_parse': 'True', 'log_path': '/opt/airflow/walmart_project/logs', 'fail_fast': 'False', 'target_path': 'None', 'version_check': 'True', 'debug': 'False', 'quiet': 'False', 'hints_enabled': 'True', 'warn_error': 'None', 'log_cache_events': 'False', 'invocation_command': 'dbt test --select silver_t', 'static_parser': 'True', 'no_print': 'None', 'write_json': 'True', 'printer_width': '80', 'maximum_seed_size_mib': '1', 'use_experimental_parser': 'False', 'log_format': 'default', 'use_colors': 'True', 'send_anonymous_usage_stats': 'True', 'cache_selected_only': 'False', 'warn_error_options': 'WarnErrorOptionsV2(error=[], warn=[], silence=[])'}
[0m07:30:07.114994 [debug] [MainThread]: Spark adapter: Setting pyhive.hive logging to ERROR
[0m07:30:07.116566 [debug] [MainThread]: Spark adapter: Setting thrift.transport logging to ERROR
[0m07:30:07.118359 [debug] [MainThread]: Spark adapter: Setting thrift.protocol logging to ERROR
[0m07:30:08.761285 [debug] [MainThread]: Sending event: {'category': 'dbt', 'action': 'project_id', 'label': 'ed507ea9-48d6-45fc-86db-2373c7b70e81', 'context': [<snowplow_tracker.self_describing_json.SelfDescribingJson object at 0x75ccae0c8fc0>]}
[0m07:30:08.922905 [debug] [MainThread]: Sending event: {'category': 'dbt', 'action': 'adapter_info', 'label': 'ed507ea9-48d6-45fc-86db-2373c7b70e81', 'context': [<snowplow_tracker.self_describing_json.SelfDescribingJson object at 0x75ccae5a1590>]}
[0m07:30:08.926371 [info ] [MainThread]: Registered adapter: databricks=1.12.4
[0m07:30:09.129638 [debug] [MainThread]: checksum: 678a63b8c943f3e6b7f980b9e41a0fbb4f4f4ddaf0d88f2a1aa6f584106916d4, vars: {}, profile: walmart_project, target: dev, version: 1.12.0
[0m07:30:10.039976 [debug] [MainThread]: Partial parsing enabled: 0 files deleted, 0 files added, 0 files changed.
[0m07:30:10.041607 [debug] [MainThread]: Nothing changed, skipping partial parsing.
[0m07:30:10.043116 [debug] [MainThread]: Partial parsing enabled, no changes found, skipping parsing
[0m07:30:10.064843 [debug] [MainThread]: Sending event: {'category': 'dbt', 'action': 'load_project', 'label': 'ed507ea9-48d6-45fc-86db-2373c7b70e81', 'context': [<snowplow_tracker.self_describing_json.SelfDescribingJson object at 0x75cc865e6b50>]}
[0m07:30:10.522156 [debug] [MainThread]: Wrote artifact WritableManifest to /opt/airflow/walmart_project/target/manifest.json
[0m07:30:10.534401 [debug] [MainThread]: Wrote artifact SemanticManifest to /opt/airflow/walmart_project/target/semantic_manifest.json
[0m07:30:10.563046 [debug] [MainThread]: Wrote artifact OsiDocument to /opt/airflow/walmart_project/target/osi_document.json
[0m07:30:10.614488 [debug] [MainThread]: Sending event: {'category': 'dbt', 'action': 'resource_counts', 'label': 'ed507ea9-48d6-45fc-86db-2373c7b70e81', 'context': [<snowplow_tracker.self_describing_json.SelfDescribingJson object at 0x75cc86332030>]}
[0m07:30:10.616473 [info ] [MainThread]: Found 13 models, 5 snapshots, 4 data tests, 6 sources, 774 macros
[0m07:30:10.618413 [debug] [MainThread]: Sending event: {'category': 'dbt', 'action': 'runnable_timing', 'label': 'ed507ea9-48d6-45fc-86db-2373c7b70e81', 'context': [<snowplow_tracker.self_describing_json.SelfDescribingJson object at 0x75cc8651bcb0>]}
[0m07:30:10.623601 [info ] [MainThread]: 
[0m07:30:10.625557 [info ] [MainThread]: Concurrency: 1 threads (target='dev')
[0m07:30:10.627724 [info ] [MainThread]: 
[0m07:30:10.629952 [debug] [MainThread]: Databricks adapter: DatabricksDBTConnection(session-id=None, name=master) - Creating connection
[0m07:30:10.631672 [debug] [MainThread]: Acquiring new databricks connection 'master'
[0m07:30:10.647168 [debug] [ThreadPool]: Databricks adapter: DatabricksDBTConnection(session-id=None, name=list_walmart_gold) - Creating connection
[0m07:30:10.649032 [debug] [ThreadPool]: Acquiring new databricks connection 'list_walmart_gold'
[0m07:30:10.670225 [debug] [ThreadPool]: Using databricks connection "list_walmart_gold"
[0m07:30:10.672150 [debug] [ThreadPool]: On list_walmart_gold: /* {"app": "dbt", "dbt_version": "1.12.0", "dbt_databricks_version": "1.12.4", "databricks_sql_connector_version": "4.4.0", "profile_name": "walmart_project", "target_name": "dev", "invocation_id": "ed507ea9-48d6-45fc-86db-2373c7b70e81", "connection_name": "list_walmart_gold"} */

    
SELECT
  table_name,
  if(table_type IN ('EXTERNAL', 'MANAGED', 'MANAGED_SHALLOW_CLONE', 'EXTERNAL_SHALLOW_CLONE'), 'table', lower(table_type)) AS table_type,
  lower(data_source_format) AS file_format,
  table_owner,
  if(
    table_type IN (
      'EXTERNAL',
      'MANAGED',
      'MANAGED_SHALLOW_CLONE',
      'EXTERNAL_SHALLOW_CLONE'
    ),
    lower(table_type),
    NULL
  ) AS databricks_table_type
FROM `system`.`information_schema`.`tables`
WHERE table_catalog = 'walmart'
  AND table_schema = 'gold'

  
[0m07:30:10.673995 [debug] [ThreadPool]: Opening a new connection, currently in state init
[0m07:30:16.429300 [debug] [ThreadPool]: Databricks adapter: Connection(session-id=01f1a1e9-2577-1b2c-a8c9-6dec0656949d) - Created
[0m07:30:17.184356 [debug] [ThreadPool]: SQL status: OK in 6.510 seconds
[0m07:30:17.191938 [debug] [ThreadPool]: Databricks adapter: Cursor(session-id=01f1a1e9-2577-1b2c-a8c9-6dec0656949d, command-id=01f1a1e9-268d-1c57-9d62-1e91da34f2de) - Closing
[0m07:30:17.194137 [debug] [ThreadPool]: On list_walmart_gold: Close
[0m07:30:17.195597 [debug] [ThreadPool]: Databricks adapter: Connection(session-id=01f1a1e9-2577-1b2c-a8c9-6dec0656949d) - Closing
[0m07:30:17.590448 [debug] [ThreadPool]: Databricks adapter: DatabricksDBTConnection(session-id=None, name=list_walmart_silver_b) - Creating connection
[0m07:30:17.593941 [debug] [ThreadPool]: Acquiring new databricks connection 'list_walmart_silver_b'
[0m07:30:17.596531 [debug] [ThreadPool]: Using databricks connection "list_walmart_silver_b"
[0m07:30:17.598023 [debug] [ThreadPool]: On list_walmart_silver_b: /* {"app": "dbt", "dbt_version": "1.12.0", "dbt_databricks_version": "1.12.4", "databricks_sql_connector_version": "4.4.0", "profile_name": "walmart_project", "target_name": "dev", "invocation_id": "ed507ea9-48d6-45fc-86db-2373c7b70e81", "connection_name": "list_walmart_silver_b"} */

    
SELECT
  table_name,
  if(table_type IN ('EXTERNAL', 'MANAGED', 'MANAGED_SHALLOW_CLONE', 'EXTERNAL_SHALLOW_CLONE'), 'table', lower(table_type)) AS table_type,
  lower(data_source_format) AS file_format,
  table_owner,
  if(
    table_type IN (
      'EXTERNAL',
      'MANAGED',
      'MANAGED_SHALLOW_CLONE',
      'EXTERNAL_SHALLOW_CLONE'
    ),
    lower(table_type),
    NULL
  ) AS databricks_table_type
FROM `system`.`information_schema`.`tables`
WHERE table_catalog = 'walmart'
  AND table_schema = 'silver_b'

  
[0m07:30:17.599478 [debug] [ThreadPool]: Opening a new connection, currently in state init
[0m07:30:18.970461 [debug] [ThreadPool]: Databricks adapter: Connection(session-id=01f1a1e9-27d4-19a0-adb9-6dd7a65c124a) - Created
[0m07:30:19.843973 [debug] [ThreadPool]: SQL status: OK in 2.240 seconds
[0m07:30:19.847342 [debug] [ThreadPool]: Databricks adapter: Cursor(session-id=01f1a1e9-27d4-19a0-adb9-6dd7a65c124a, command-id=01f1a1e9-2811-1094-8e21-49caf9c902a2) - Closing
[0m07:30:19.849191 [debug] [ThreadPool]: On list_walmart_silver_b: Close
[0m07:30:19.850595 [debug] [ThreadPool]: Databricks adapter: Connection(session-id=01f1a1e9-27d4-19a0-adb9-6dd7a65c124a) - Closing
[0m07:30:20.244217 [debug] [ThreadPool]: Databricks adapter: DatabricksDBTConnection(session-id=None, name=list_walmart_silver_t) - Creating connection
[0m07:30:20.247362 [debug] [ThreadPool]: Acquiring new databricks connection 'list_walmart_silver_t'
[0m07:30:20.253674 [debug] [ThreadPool]: Using databricks connection "list_walmart_silver_t"
[0m07:30:20.255284 [debug] [ThreadPool]: On list_walmart_silver_t: /* {"app": "dbt", "dbt_version": "1.12.0", "dbt_databricks_version": "1.12.4", "databricks_sql_connector_version": "4.4.0", "profile_name": "walmart_project", "target_name": "dev", "invocation_id": "ed507ea9-48d6-45fc-86db-2373c7b70e81", "connection_name": "list_walmart_silver_t"} */

    
SELECT
  table_name,
  if(table_type IN ('EXTERNAL', 'MANAGED', 'MANAGED_SHALLOW_CLONE', 'EXTERNAL_SHALLOW_CLONE'), 'table', lower(table_type)) AS table_type,
  lower(data_source_format) AS file_format,
  table_owner,
  if(
    table_type IN (
      'EXTERNAL',
      'MANAGED',
      'MANAGED_SHALLOW_CLONE',
      'EXTERNAL_SHALLOW_CLONE'
    ),
    lower(table_type),
    NULL
  ) AS databricks_table_type
FROM `system`.`information_schema`.`tables`
WHERE table_catalog = 'walmart'
  AND table_schema = 'silver_t'

  
[0m07:30:20.256956 [debug] [ThreadPool]: Opening a new connection, currently in state init
[0m07:30:21.764148 [debug] [ThreadPool]: Databricks adapter: Connection(session-id=01f1a1e9-297d-1bc3-aa6d-c1bddc819909) - Created
[0m07:30:22.498290 [debug] [ThreadPool]: SQL status: OK in 2.240 seconds
[0m07:30:22.503084 [debug] [ThreadPool]: Databricks adapter: Cursor(session-id=01f1a1e9-297d-1bc3-aa6d-c1bddc819909, command-id=01f1a1e9-29ba-1460-aaab-78f51b0cbb68) - Closing
[0m07:30:22.505483 [debug] [ThreadPool]: On list_walmart_silver_t: Close
[0m07:30:22.507279 [debug] [ThreadPool]: Databricks adapter: Connection(session-id=01f1a1e9-297d-1bc3-aa6d-c1bddc819909) - Closing
[0m07:30:22.919891 [debug] [MainThread]: Sending event: {'category': 'dbt', 'action': 'runnable_timing', 'label': 'ed507ea9-48d6-45fc-86db-2373c7b70e81', 'context': [<snowplow_tracker.self_describing_json.SelfDescribingJson object at 0x75cc86375300>]}
[0m07:30:22.927824 [debug] [Thread-4 (]: Began running node test.walmart_project.not_null_orders_t_order_id.b12105be37
[0m07:30:22.930107 [info ] [Thread-4 (]: 1 of 4 START test not_null_orders_t_order_id ................................... [RUN]
[0m07:30:22.933565 [debug] [Thread-4 (]: Databricks adapter: DatabricksDBTConnection(session-id=None, name=test.walmart_project.not_null_orders_t_order_id.b12105be37) - Creating connection
[0m07:30:22.935899 [debug] [Thread-4 (]: Acquiring new databricks connection 'test.walmart_project.not_null_orders_t_order_id.b12105be37'
[0m07:30:22.938782 [debug] [Thread-4 (]: Began compiling node test.walmart_project.not_null_orders_t_order_id.b12105be37
[0m07:30:23.009261 [debug] [Thread-4 (]: Writing injected SQL for node "test.walmart_project.not_null_orders_t_order_id.b12105be37"
[0m07:30:23.035272 [debug] [Thread-4 (]: Began executing node test.walmart_project.not_null_orders_t_order_id.b12105be37
[0m07:30:23.078983 [debug] [Thread-4 (]: Writing runtime sql for node "test.walmart_project.not_null_orders_t_order_id.b12105be37"
[0m07:30:23.102697 [debug] [Thread-4 (]: Using databricks connection "test.walmart_project.not_null_orders_t_order_id.b12105be37"
[0m07:30:23.104930 [debug] [Thread-4 (]: On test.walmart_project.not_null_orders_t_order_id.b12105be37: /* {"app": "dbt", "dbt_version": "1.12.0", "dbt_databricks_version": "1.12.4", "databricks_sql_connector_version": "4.4.0", "profile_name": "walmart_project", "target_name": "dev", "invocation_id": "ed507ea9-48d6-45fc-86db-2373c7b70e81", "node_id": "test.walmart_project.not_null_orders_t_order_id.b12105be37"} */

    
    select
      count(*) as failures,
      count(*) != 0 as should_warn,
      count(*) != 0 as should_error
    from (
      
    
  
    
    



select order_id
from `walmart`.`silver_t`.`orders_t`
where order_id is null



  
  
      
    ) dbt_internal_test
[0m07:30:23.108394 [debug] [Thread-4 (]: Opening a new connection, currently in state init
[0m07:30:24.713091 [debug] [Thread-4 (]: Databricks adapter: Connection(session-id=01f1a1e9-2b3f-183a-aa63-e6f55cd4a455) - Created
[0m07:30:25.591997 [debug] [Thread-4 (]: SQL status: OK in 2.480 seconds
[0m07:30:25.600632 [debug] [Thread-4 (]: Databricks adapter: Cursor(session-id=01f1a1e9-2b3f-183a-aa63-e6f55cd4a455, command-id=01f1a1e9-2b7d-1782-b8da-4f3544349831) - Closing
[0m07:30:25.608657 [debug] [Thread-4 (]: On test.walmart_project.not_null_orders_t_order_id.b12105be37: Close
[0m07:30:25.610515 [debug] [Thread-4 (]: Databricks adapter: Connection(session-id=01f1a1e9-2b3f-183a-aa63-e6f55cd4a455) - Closing
[0m07:30:25.998311 [info ] [Thread-4 (]: 1 of 4 PASS not_null_orders_t_order_id ......................................... [[32mPASS[0m in 3.06s]
[0m07:30:26.001236 [debug] [Thread-4 (]: Finished running node test.walmart_project.not_null_orders_t_order_id.b12105be37
[0m07:30:26.003593 [debug] [Thread-4 (]: Began running node test.walmart_project.not_null_products_t_product_id.ce54de85ec
[0m07:30:26.006673 [info ] [Thread-4 (]: 2 of 4 START test not_null_products_t_product_id ............................... [RUN]
[0m07:30:26.009241 [debug] [Thread-4 (]: Databricks adapter: DatabricksDBTConnection(session-id=None, name=test.walmart_project.not_null_products_t_product_id.ce54de85ec) - Creating connection
[0m07:30:26.011126 [debug] [Thread-4 (]: Acquiring new databricks connection 'test.walmart_project.not_null_products_t_product_id.ce54de85ec'
[0m07:30:26.013465 [debug] [Thread-4 (]: Began compiling node test.walmart_project.not_null_products_t_product_id.ce54de85ec
[0m07:30:26.037635 [debug] [Thread-4 (]: Writing injected SQL for node "test.walmart_project.not_null_products_t_product_id.ce54de85ec"
[0m07:30:26.051731 [debug] [Thread-4 (]: Began executing node test.walmart_project.not_null_products_t_product_id.ce54de85ec
[0m07:30:26.056597 [debug] [Thread-4 (]: Writing runtime sql for node "test.walmart_project.not_null_products_t_product_id.ce54de85ec"
[0m07:30:26.073277 [debug] [Thread-4 (]: Using databricks connection "test.walmart_project.not_null_products_t_product_id.ce54de85ec"
[0m07:30:26.075557 [debug] [Thread-4 (]: On test.walmart_project.not_null_products_t_product_id.ce54de85ec: /* {"app": "dbt", "dbt_version": "1.12.0", "dbt_databricks_version": "1.12.4", "databricks_sql_connector_version": "4.4.0", "profile_name": "walmart_project", "target_name": "dev", "invocation_id": "ed507ea9-48d6-45fc-86db-2373c7b70e81", "node_id": "test.walmart_project.not_null_products_t_product_id.ce54de85ec"} */

    
    select
      count(*) as failures,
      count(*) != 0 as should_warn,
      count(*) != 0 as should_error
    from (
      
    
  
    
    



select product_id
from `walmart`.`silver_t`.`products_t`
where product_id is null



  
  
      
    ) dbt_internal_test
[0m07:30:26.077383 [debug] [Thread-4 (]: Opening a new connection, currently in state init
[0m07:30:27.588964 [debug] [Thread-4 (]: Databricks adapter: Connection(session-id=01f1a1e9-2cf8-1cef-bf86-0481432ba950) - Created
[0m07:30:28.541785 [debug] [Thread-4 (]: SQL status: OK in 2.460 seconds
[0m07:30:28.550308 [debug] [Thread-4 (]: Databricks adapter: Cursor(session-id=01f1a1e9-2cf8-1cef-bf86-0481432ba950, command-id=01f1a1e9-2d35-13a8-b240-58be25d3456a) - Closing
[0m07:30:28.554272 [debug] [Thread-4 (]: On test.walmart_project.not_null_products_t_product_id.ce54de85ec: Close
[0m07:30:28.557173 [debug] [Thread-4 (]: Databricks adapter: Connection(session-id=01f1a1e9-2cf8-1cef-bf86-0481432ba950) - Closing
[0m07:30:28.945091 [info ] [Thread-4 (]: 2 of 4 PASS not_null_products_t_product_id ..................................... [[32mPASS[0m in 2.94s]
[0m07:30:28.947655 [debug] [Thread-4 (]: Finished running node test.walmart_project.not_null_products_t_product_id.ce54de85ec
[0m07:30:28.950081 [debug] [Thread-4 (]: Began running node test.walmart_project.unique_orders_t_order_id.2d8d10a28b
[0m07:30:28.952488 [info ] [Thread-4 (]: 3 of 4 START test unique_orders_t_order_id ..................................... [RUN]
[0m07:30:28.955678 [debug] [Thread-4 (]: Databricks adapter: DatabricksDBTConnection(session-id=None, name=test.walmart_project.unique_orders_t_order_id.2d8d10a28b) - Creating connection
[0m07:30:28.957507 [debug] [Thread-4 (]: Acquiring new databricks connection 'test.walmart_project.unique_orders_t_order_id.2d8d10a28b'
[0m07:30:28.959410 [debug] [Thread-4 (]: Began compiling node test.walmart_project.unique_orders_t_order_id.2d8d10a28b
[0m07:30:28.981037 [debug] [Thread-4 (]: Writing injected SQL for node "test.walmart_project.unique_orders_t_order_id.2d8d10a28b"
[0m07:30:28.994308 [debug] [Thread-4 (]: Began executing node test.walmart_project.unique_orders_t_order_id.2d8d10a28b
[0m07:30:28.997604 [debug] [Thread-4 (]: Writing runtime sql for node "test.walmart_project.unique_orders_t_order_id.2d8d10a28b"
[0m07:30:29.014075 [debug] [Thread-4 (]: Using databricks connection "test.walmart_project.unique_orders_t_order_id.2d8d10a28b"
[0m07:30:29.015732 [debug] [Thread-4 (]: On test.walmart_project.unique_orders_t_order_id.2d8d10a28b: /* {"app": "dbt", "dbt_version": "1.12.0", "dbt_databricks_version": "1.12.4", "databricks_sql_connector_version": "4.4.0", "profile_name": "walmart_project", "target_name": "dev", "invocation_id": "ed507ea9-48d6-45fc-86db-2373c7b70e81", "node_id": "test.walmart_project.unique_orders_t_order_id.2d8d10a28b"} */

    
    select
      count(*) as failures,
      count(*) != 0 as should_warn,
      count(*) != 0 as should_error
    from (
      
    
  
    
    

select
    order_id as unique_field,
    count(*) as n_records

from `walmart`.`silver_t`.`orders_t`
where order_id is not null
group by order_id
having count(*) > 1



  
  
      
    ) dbt_internal_test
[0m07:30:29.017434 [debug] [Thread-4 (]: Opening a new connection, currently in state init
[0m07:30:30.465204 [debug] [Thread-4 (]: Databricks adapter: Connection(session-id=01f1a1e9-2eac-1319-a992-9e8e58c530d0) - Created
[0m07:30:31.511750 [debug] [Thread-4 (]: SQL status: OK in 2.490 seconds
[0m07:30:31.515824 [debug] [Thread-4 (]: Databricks adapter: Cursor(session-id=01f1a1e9-2eac-1319-a992-9e8e58c530d0, command-id=01f1a1e9-2ee8-1dc6-a1cf-468666624420) - Closing
[0m07:30:31.517985 [debug] [Thread-4 (]: On test.walmart_project.unique_orders_t_order_id.2d8d10a28b: Close
[0m07:30:31.519681 [debug] [Thread-4 (]: Databricks adapter: Connection(session-id=01f1a1e9-2eac-1319-a992-9e8e58c530d0) - Closing
[0m07:30:31.922853 [info ] [Thread-4 (]: 3 of 4 PASS unique_orders_t_order_id ........................................... [[32mPASS[0m in 2.97s]
[0m07:30:31.925834 [debug] [Thread-4 (]: Finished running node test.walmart_project.unique_orders_t_order_id.2d8d10a28b
[0m07:30:31.928149 [debug] [Thread-4 (]: Began running node test.walmart_project.unique_products_t_product_id.df1897612f
[0m07:30:31.930307 [info ] [Thread-4 (]: 4 of 4 START test unique_products_t_product_id ................................. [RUN]
[0m07:30:31.932962 [debug] [Thread-4 (]: Databricks adapter: DatabricksDBTConnection(session-id=None, name=test.walmart_project.unique_products_t_product_id.df1897612f) - Creating connection
[0m07:30:31.935164 [debug] [Thread-4 (]: Acquiring new databricks connection 'test.walmart_project.unique_products_t_product_id.df1897612f'
[0m07:30:31.937944 [debug] [Thread-4 (]: Began compiling node test.walmart_project.unique_products_t_product_id.df1897612f
[0m07:30:31.957738 [debug] [Thread-4 (]: Writing injected SQL for node "test.walmart_project.unique_products_t_product_id.df1897612f"
[0m07:30:31.974558 [debug] [Thread-4 (]: Began executing node test.walmart_project.unique_products_t_product_id.df1897612f
[0m07:30:31.978280 [debug] [Thread-4 (]: Writing runtime sql for node "test.walmart_project.unique_products_t_product_id.df1897612f"
[0m07:30:31.997681 [debug] [Thread-4 (]: Using databricks connection "test.walmart_project.unique_products_t_product_id.df1897612f"
[0m07:30:31.999934 [debug] [Thread-4 (]: On test.walmart_project.unique_products_t_product_id.df1897612f: /* {"app": "dbt", "dbt_version": "1.12.0", "dbt_databricks_version": "1.12.4", "databricks_sql_connector_version": "4.4.0", "profile_name": "walmart_project", "target_name": "dev", "invocation_id": "ed507ea9-48d6-45fc-86db-2373c7b70e81", "node_id": "test.walmart_project.unique_products_t_product_id.df1897612f"} */

    
    select
      count(*) as failures,
      count(*) != 0 as should_warn,
      count(*) != 0 as should_error
    from (
      
    
  
    
    

select
    product_id as unique_field,
    count(*) as n_records

from (select * from `walmart`.`silver_t`.`products_t` where price > 0) dbt_subquery
where product_id is not null
group by product_id
having count(*) > 1



  
  
      
    ) dbt_internal_test
[0m07:30:32.001714 [debug] [Thread-4 (]: Opening a new connection, currently in state init
[0m07:30:33.605718 [debug] [Thread-4 (]: Databricks adapter: Connection(session-id=01f1a1e9-3084-1793-8846-dce097d97548) - Created
[0m07:30:34.515871 [debug] [Thread-4 (]: SQL status: OK in 2.510 seconds
[0m07:30:34.520199 [debug] [Thread-4 (]: Databricks adapter: Cursor(session-id=01f1a1e9-3084-1793-8846-dce097d97548, command-id=01f1a1e9-30ce-1cdc-9a58-a24c4830e64e) - Closing
[0m07:30:34.522246 [debug] [Thread-4 (]: On test.walmart_project.unique_products_t_product_id.df1897612f: Close
[0m07:30:34.523668 [debug] [Thread-4 (]: Databricks adapter: Connection(session-id=01f1a1e9-3084-1793-8846-dce097d97548) - Closing
[0m07:30:34.915199 [info ] [Thread-4 (]: 4 of 4 PASS unique_products_t_product_id ....................................... [[32mPASS[0m in 2.98s]
[0m07:30:34.917947 [debug] [Thread-4 (]: Finished running node test.walmart_project.unique_products_t_product_id.df1897612f
[0m07:30:34.921521 [debug] [MainThread]: Databricks adapter: DatabricksDBTConnection(session-id=None, name=master) - Creating connection
[0m07:30:34.923002 [debug] [MainThread]: Acquiring new databricks connection 'master'
[0m07:30:34.924849 [info ] [MainThread]: 
[0m07:30:34.926578 [info ] [MainThread]: Finished running 4 data tests in 0 hours 0 minutes and 24.30 seconds (24.30s).
[0m07:30:34.929327 [debug] [MainThread]: Command end result
[0m07:30:35.164696 [debug] [MainThread]: Wrote artifact WritableManifest to /opt/airflow/walmart_project/target/manifest.json
[0m07:30:35.190723 [debug] [MainThread]: Wrote artifact SemanticManifest to /opt/airflow/walmart_project/target/semantic_manifest.json
[0m07:30:35.210278 [debug] [MainThread]: Wrote artifact OsiDocument to /opt/airflow/walmart_project/target/osi_document.json
[0m07:30:35.258780 [debug] [MainThread]: Wrote artifact RunExecutionResult to /opt/airflow/walmart_project/target/run_results.json
[0m07:30:35.260964 [info ] [MainThread]: 
[0m07:30:35.263203 [info ] [MainThread]: [32mCompleted successfully[0m
[0m07:30:35.266963 [info ] [MainThread]: 
[0m07:30:35.270239 [info ] [MainThread]: Done. PASS=4 WARN=0 ERROR=0 SKIP=0 NO-OP=0 REUSED=0 TOTAL=4
[0m07:30:35.276647 [debug] [MainThread]: Resource report: {"command_name": "test", "command_success": true, "command_wall_clock_time": 30.697775, "process_in_blocks": "36827", "process_kernel_time": 0.820579, "process_mem_max_rss": "294868", "process_out_blocks": "8", "process_user_time": 10.911705}
[0m07:30:35.279901 [debug] [MainThread]: Command `dbt test` succeeded at 07:30:35.279464 after 30.70 seconds
[0m07:30:35.282728 [debug] [MainThread]: Sending event: {'category': 'dbt', 'action': 'invocation', 'label': 'end', 'context': [<snowplow_tracker.self_describing_json.SelfDescribingJson object at 0x75ccacf3ca10>, <snowplow_tracker.self_describing_json.SelfDescribingJson object at 0x75cc86516990>, <snowplow_tracker.self_describing_json.SelfDescribingJson object at 0x75cc86515b20>]}
[0m07:30:35.286166 [debug] [MainThread]: Flushing usage events
[0m07:30:36.733219 [debug] [MainThread]: An error was encountered while trying to flush usage events
[0m07:30:43.338256 [debug] [MainThread]: Sending event: {'category': 'dbt', 'action': 'invocation', 'label': 'start', 'context': [<snowplow_tracker.self_describing_json.SelfDescribingJson object at 0x7b1dbf5fe3c0>, <snowplow_tracker.self_describing_json.SelfDescribingJson object at 0x7b1dc2261090>, <snowplow_tracker.self_describing_json.SelfDescribingJson object at 0x7b1dbe17fc50>]}


============================== 07:30:43.344358 | 404be3cf-e630-4648-960d-89fe5895db7f ==============================
[0m07:30:43.344358 [info ] [MainThread]: Running with dbt=1.12.0
[0m07:30:43.346548 [debug] [MainThread]: running dbt with arguments {'log_cache_events': 'False', 'empty': 'False', 'no_print': 'None', 'write_json': 'True', 'log_format': 'default', 'quiet': 'False', 'invocation_command': 'dbt run --select silver_b', 'cache_selected_only': 'False', 'profiles_dir': '/opt/airflow/walmart_project', 'static_parser': 'True', 'indirect_selection': 'eager', 'version_check': 'True', 'use_colors': 'True', 'warn_error': 'None', 'target_path': 'None', 'maximum_seed_size_mib': '1', 'warn_error_options': 'WarnErrorOptionsV2(error=[], warn=[], silence=[])', 'log_path': '/opt/airflow/walmart_project/logs', 'debug': 'False', 'use_experimental_parser': 'False', 'hints_enabled': 'True', 'send_anonymous_usage_stats': 'True', 'introspect': 'True', 'fail_fast': 'False', 'printer_width': '80', 'partial_parse': 'True'}
[0m07:30:44.886183 [debug] [MainThread]: Spark adapter: Setting pyhive.hive logging to ERROR
[0m07:30:44.887689 [debug] [MainThread]: Spark adapter: Setting thrift.transport logging to ERROR
[0m07:30:44.889111 [debug] [MainThread]: Spark adapter: Setting thrift.protocol logging to ERROR
[0m07:30:46.125346 [debug] [MainThread]: Sending event: {'category': 'dbt', 'action': 'project_id', 'label': '404be3cf-e630-4648-960d-89fe5895db7f', 'context': [<snowplow_tracker.self_describing_json.SelfDescribingJson object at 0x7b1dbf278fc0>]}
[0m07:30:46.248405 [debug] [MainThread]: Sending event: {'category': 'dbt', 'action': 'adapter_info', 'label': '404be3cf-e630-4648-960d-89fe5895db7f', 'context': [<snowplow_tracker.self_describing_json.SelfDescribingJson object at 0x7b1dbf751590>]}
[0m07:30:46.251676 [info ] [MainThread]: Registered adapter: databricks=1.12.4
[0m07:30:46.446541 [debug] [MainThread]: checksum: 678a63b8c943f3e6b7f980b9e41a0fbb4f4f4ddaf0d88f2a1aa6f584106916d4, vars: {}, profile: walmart_project, target: dev, version: 1.12.0
[0m07:30:47.209690 [debug] [MainThread]: Partial parsing enabled: 0 files deleted, 0 files added, 0 files changed.
[0m07:30:47.211370 [debug] [MainThread]: Nothing changed, skipping partial parsing.
[0m07:30:47.213056 [debug] [MainThread]: Partial parsing enabled, no changes found, skipping parsing
[0m07:30:47.239732 [debug] [MainThread]: Sending event: {'category': 'dbt', 'action': 'load_project', 'label': '404be3cf-e630-4648-960d-89fe5895db7f', 'context': [<snowplow_tracker.self_describing_json.SelfDescribingJson object at 0x7b1d97682b50>]}
[0m07:30:47.748914 [debug] [MainThread]: Wrote artifact WritableManifest to /opt/airflow/walmart_project/target/manifest.json
[0m07:30:47.760944 [debug] [MainThread]: Wrote artifact SemanticManifest to /opt/airflow/walmart_project/target/semantic_manifest.json
[0m07:30:47.788827 [debug] [MainThread]: Wrote artifact OsiDocument to /opt/airflow/walmart_project/target/osi_document.json
[0m07:30:47.818521 [debug] [MainThread]: Sending event: {'category': 'dbt', 'action': 'resource_counts', 'label': '404be3cf-e630-4648-960d-89fe5895db7f', 'context': [<snowplow_tracker.self_describing_json.SelfDescribingJson object at 0x7b1d97555d60>]}
[0m07:30:47.820378 [info ] [MainThread]: Found 13 models, 5 snapshots, 4 data tests, 6 sources, 774 macros
[0m07:30:47.822276 [debug] [MainThread]: Sending event: {'category': 'dbt', 'action': 'runnable_timing', 'label': '404be3cf-e630-4648-960d-89fe5895db7f', 'context': [<snowplow_tracker.self_describing_json.SelfDescribingJson object at 0x7b1d97813690>]}
[0m07:30:47.827090 [info ] [MainThread]: 
[0m07:30:47.828960 [info ] [MainThread]: Concurrency: 1 threads (target='dev')
[0m07:30:47.830716 [info ] [MainThread]: 
[0m07:30:47.833695 [debug] [MainThread]: Databricks adapter: DatabricksDBTConnection(session-id=None, name=master) - Creating connection
[0m07:30:47.835560 [debug] [MainThread]: Acquiring new databricks connection 'master'
[0m07:30:47.839176 [debug] [ThreadPool]: Databricks adapter: DatabricksDBTConnection(session-id=None, name=list_walmart) - Creating connection
[0m07:30:47.841147 [debug] [ThreadPool]: Acquiring new databricks connection 'list_walmart'
[0m07:30:47.867685 [debug] [ThreadPool]: Using databricks connection "list_walmart"
[0m07:30:47.869505 [debug] [ThreadPool]: On list_walmart: /* {"app": "dbt", "dbt_version": "1.12.0", "dbt_databricks_version": "1.12.4", "databricks_sql_connector_version": "4.4.0", "profile_name": "walmart_project", "target_name": "dev", "invocation_id": "404be3cf-e630-4648-960d-89fe5895db7f", "connection_name": "list_walmart"} */

    

  SHOW SCHEMAS IN `walmart`


  
[0m07:30:47.871213 [debug] [ThreadPool]: Opening a new connection, currently in state init
[0m07:30:53.470726 [debug] [ThreadPool]: Databricks adapter: Connection(session-id=01f1a1e9-3b9e-1b5c-804b-02ab04392309) - Created
[0m07:30:54.149390 [debug] [ThreadPool]: SQL status: OK in 6.280 seconds
[0m07:30:54.157965 [debug] [ThreadPool]: Databricks adapter: Cursor(session-id=01f1a1e9-3b9e-1b5c-804b-02ab04392309, command-id=01f1a1e9-3ca6-12c1-94d2-7f9694a3584d) - Closing
[0m07:30:54.160133 [debug] [ThreadPool]: On list_walmart: Close
[0m07:30:54.161960 [debug] [ThreadPool]: Databricks adapter: Connection(session-id=01f1a1e9-3b9e-1b5c-804b-02ab04392309) - Closing
[0m07:30:54.582910 [debug] [ThreadPool]: Databricks adapter: DatabricksDBTConnection(session-id=None, name=list_walmart_gold) - Creating connection
[0m07:30:54.584558 [debug] [ThreadPool]: Acquiring new databricks connection 'list_walmart_gold'
[0m07:30:54.590436 [debug] [ThreadPool]: Using databricks connection "list_walmart_gold"
[0m07:30:54.591770 [debug] [ThreadPool]: On list_walmart_gold: /* {"app": "dbt", "dbt_version": "1.12.0", "dbt_databricks_version": "1.12.4", "databricks_sql_connector_version": "4.4.0", "profile_name": "walmart_project", "target_name": "dev", "invocation_id": "404be3cf-e630-4648-960d-89fe5895db7f", "connection_name": "list_walmart_gold"} */

    
SELECT
  table_name,
  if(table_type IN ('EXTERNAL', 'MANAGED', 'MANAGED_SHALLOW_CLONE', 'EXTERNAL_SHALLOW_CLONE'), 'table', lower(table_type)) AS table_type,
  lower(data_source_format) AS file_format,
  table_owner,
  if(
    table_type IN (
      'EXTERNAL',
      'MANAGED',
      'MANAGED_SHALLOW_CLONE',
      'EXTERNAL_SHALLOW_CLONE'
    ),
    lower(table_type),
    NULL
  ) AS databricks_table_type
FROM `system`.`information_schema`.`tables`
WHERE table_catalog = 'walmart'
  AND table_schema = 'gold'

  
[0m07:30:54.593177 [debug] [ThreadPool]: Opening a new connection, currently in state init
[0m07:30:56.162897 [debug] [ThreadPool]: Databricks adapter: Connection(session-id=01f1a1e9-3dff-19ee-97ec-3587f8b75844) - Created
[0m07:30:56.826714 [debug] [ThreadPool]: SQL status: OK in 2.230 seconds
[0m07:30:56.832773 [debug] [ThreadPool]: Databricks adapter: Cursor(session-id=01f1a1e9-3dff-19ee-97ec-3587f8b75844, command-id=01f1a1e9-3e3a-1bfb-bb8a-487c1db43750) - Closing
[0m07:30:56.835694 [debug] [ThreadPool]: On list_walmart_gold: Close
[0m07:30:56.837488 [debug] [ThreadPool]: Databricks adapter: Connection(session-id=01f1a1e9-3dff-19ee-97ec-3587f8b75844) - Closing
[0m07:30:57.220739 [debug] [ThreadPool]: Databricks adapter: DatabricksDBTConnection(session-id=None, name=list_walmart_silver_t) - Creating connection
[0m07:30:57.224738 [debug] [ThreadPool]: Acquiring new databricks connection 'list_walmart_silver_t'
[0m07:30:57.228381 [debug] [ThreadPool]: Using databricks connection "list_walmart_silver_t"
[0m07:30:57.230183 [debug] [ThreadPool]: On list_walmart_silver_t: /* {"app": "dbt", "dbt_version": "1.12.0", "dbt_databricks_version": "1.12.4", "databricks_sql_connector_version": "4.4.0", "profile_name": "walmart_project", "target_name": "dev", "invocation_id": "404be3cf-e630-4648-960d-89fe5895db7f", "connection_name": "list_walmart_silver_t"} */

    
SELECT
  table_name,
  if(table_type IN ('EXTERNAL', 'MANAGED', 'MANAGED_SHALLOW_CLONE', 'EXTERNAL_SHALLOW_CLONE'), 'table', lower(table_type)) AS table_type,
  lower(data_source_format) AS file_format,
  table_owner,
  if(
    table_type IN (
      'EXTERNAL',
      'MANAGED',
      'MANAGED_SHALLOW_CLONE',
      'EXTERNAL_SHALLOW_CLONE'
    ),
    lower(table_type),
    NULL
  ) AS databricks_table_type
FROM `system`.`information_schema`.`tables`
WHERE table_catalog = 'walmart'
  AND table_schema = 'silver_t'

  
[0m07:30:57.231651 [debug] [ThreadPool]: Opening a new connection, currently in state init
[0m07:30:58.833820 [debug] [ThreadPool]: Databricks adapter: Connection(session-id=01f1a1e9-3f94-151c-8d59-a3cdb17827ce) - Created
[0m07:30:59.485997 [debug] [ThreadPool]: SQL status: OK in 2.250 seconds
[0m07:30:59.490430 [debug] [ThreadPool]: Databricks adapter: Cursor(session-id=01f1a1e9-3f94-151c-8d59-a3cdb17827ce, command-id=01f1a1e9-3fd0-10d4-8b75-4b969b8a69c1) - Closing
[0m07:30:59.492557 [debug] [ThreadPool]: On list_walmart_silver_t: Close
[0m07:30:59.493974 [debug] [ThreadPool]: Databricks adapter: Connection(session-id=01f1a1e9-3f94-151c-8d59-a3cdb17827ce) - Closing
[0m07:30:59.877823 [debug] [ThreadPool]: Databricks adapter: DatabricksDBTConnection(session-id=None, name=list_walmart_silver_b) - Creating connection
[0m07:30:59.881763 [debug] [ThreadPool]: Acquiring new databricks connection 'list_walmart_silver_b'
[0m07:30:59.884584 [debug] [ThreadPool]: Using databricks connection "list_walmart_silver_b"
[0m07:30:59.885972 [debug] [ThreadPool]: On list_walmart_silver_b: /* {"app": "dbt", "dbt_version": "1.12.0", "dbt_databricks_version": "1.12.4", "databricks_sql_connector_version": "4.4.0", "profile_name": "walmart_project", "target_name": "dev", "invocation_id": "404be3cf-e630-4648-960d-89fe5895db7f", "connection_name": "list_walmart_silver_b"} */

    
SELECT
  table_name,
  if(table_type IN ('EXTERNAL', 'MANAGED', 'MANAGED_SHALLOW_CLONE', 'EXTERNAL_SHALLOW_CLONE'), 'table', lower(table_type)) AS table_type,
  lower(data_source_format) AS file_format,
  table_owner,
  if(
    table_type IN (
      'EXTERNAL',
      'MANAGED',
      'MANAGED_SHALLOW_CLONE',
      'EXTERNAL_SHALLOW_CLONE'
    ),
    lower(table_type),
    NULL
  ) AS databricks_table_type
FROM `system`.`information_schema`.`tables`
WHERE table_catalog = 'walmart'
  AND table_schema = 'silver_b'

  
[0m07:30:59.887388 [debug] [ThreadPool]: Opening a new connection, currently in state init
[0m07:31:01.469301 [debug] [ThreadPool]: Databricks adapter: Connection(session-id=01f1a1e9-412a-1f73-990e-231cb5d72d52) - Created
[0m07:31:02.232541 [debug] [ThreadPool]: SQL status: OK in 2.350 seconds
[0m07:31:02.236161 [debug] [ThreadPool]: Databricks adapter: Cursor(session-id=01f1a1e9-412a-1f73-990e-231cb5d72d52, command-id=01f1a1e9-4167-1f41-8535-6975e1326c1c) - Closing
[0m07:31:02.237972 [debug] [ThreadPool]: On list_walmart_silver_b: Close
[0m07:31:02.239519 [debug] [ThreadPool]: Databricks adapter: Connection(session-id=01f1a1e9-412a-1f73-990e-231cb5d72d52) - Closing
[0m07:31:02.633438 [debug] [MainThread]: Sending event: {'category': 'dbt', 'action': 'runnable_timing', 'label': '404be3cf-e630-4648-960d-89fe5895db7f', 'context': [<snowplow_tracker.self_describing_json.SelfDescribingJson object at 0x7b1d9540c050>]}
[0m07:31:02.638931 [debug] [Thread-5 (]: Began running node model.walmart_project.obt_b
[0m07:31:02.640690 [info ] [Thread-5 (]: 1 of 1 START sql table model silver_b.obt_b .................................... [RUN]
[0m07:31:02.642639 [debug] [Thread-5 (]: Databricks adapter: DatabricksDBTConnection(session-id=None, name=model.walmart_project.obt_b) - Creating connection
[0m07:31:02.644259 [debug] [Thread-5 (]: Acquiring new databricks connection 'model.walmart_project.obt_b'
[0m07:31:02.657442 [debug] [Thread-5 (]: Began compiling node model.walmart_project.obt_b
[0m07:31:02.672735 [debug] [Thread-5 (]: Writing injected SQL for node "model.walmart_project.obt_b"
[0m07:31:02.694503 [debug] [Thread-5 (]: Began executing node model.walmart_project.obt_b
[0m07:31:02.721102 [debug] [Thread-5 (]: MATERIALIZING TABLE
[0m07:31:02.776504 [debug] [Thread-5 (]: Using databricks connection "model.walmart_project.obt_b"
[0m07:31:02.778638 [debug] [Thread-5 (]: On model.walmart_project.obt_b: /* {"app": "dbt", "dbt_version": "1.12.0", "dbt_databricks_version": "1.12.4", "databricks_sql_connector_version": "4.4.0", "profile_name": "walmart_project", "target_name": "dev", "invocation_id": "404be3cf-e630-4648-960d-89fe5895db7f", "node_id": "model.walmart_project.obt_b"} */
SELECT
    table_catalog,
    table_schema,
    table_name,
    filter_name,
    target_columns
  FROM `walmart`.`information_schema`.`row_filters`
  WHERE table_catalog = 'walmart'
    AND table_schema = 'silver_b'
    AND table_name = 'obt_b'
[0m07:31:02.780791 [debug] [Thread-5 (]: Opening a new connection, currently in state init
[0m07:31:04.353077 [debug] [Thread-5 (]: Databricks adapter: Connection(session-id=01f1a1e9-42e2-1138-abe0-80eb3e135da2) - Created
[0m07:31:04.988656 [debug] [Thread-5 (]: SQL status: OK in 2.210 seconds
[0m07:31:04.993357 [debug] [Thread-5 (]: Databricks adapter: Cursor(session-id=01f1a1e9-42e2-1138-abe0-80eb3e135da2, command-id=01f1a1e9-431d-1741-afbe-09bd3cf3fb32) - Closing
[0m07:31:05.023637 [debug] [Thread-5 (]: Writing runtime sql for node "model.walmart_project.obt_b"
[0m07:31:05.044596 [debug] [Thread-5 (]: Using databricks connection "model.walmart_project.obt_b"
[0m07:31:05.046533 [debug] [Thread-5 (]: On model.walmart_project.obt_b: /* {"app": "dbt", "dbt_version": "1.12.0", "dbt_databricks_version": "1.12.4", "databricks_sql_connector_version": "4.4.0", "profile_name": "walmart_project", "target_name": "dev", "invocation_id": "404be3cf-e630-4648-960d-89fe5895db7f", "node_id": "model.walmart_project.obt_b"} */

  
    
        create or replace table `walmart`.`silver_b`.`obt_b`
      
      
    using delta
  
      
      
      
      
      
      
      
      
      as
      SELECT 
    
        o.order_id,
                        o.store_id,
                        o.order_timestamp,
                        o.payment_method,
                        o.order_status,
                        o.total_amount,
                        o.created_timestamp AS order_created_timestamp,
                        o.updated_timestamp AS order_updated_timestamp,
                        o.is_active AS order_is_active,
                        o.processed_at AS order_processed_at,
                        current_timestamp() AS obt_b_processed_at
                    ,
    
            c.customer_id,
                        c.first_name AS customer_first_name,
                        c.last_name AS customer_last_name,
                        c.email AS customer_email,
                        c.phone AS customer_phone,
                        c.city AS customer_city,
                        c.province AS customer_province,
                        c.country AS customer_country,
                        c.created_timestamp AS customer_created_timestamp,
                        c.updated_timestamp AS customer_updated_timestamp,
                        c.is_active AS customer_is_active,
                        c.processed_at AS customer_processed_at
                    ,
    
                oi.order_item_id,
                            oi.quantity,
                            oi.unit_price,
                            oi.line_amount,
                            oi.created_timestamp AS order_item_created_timestamp,
                            oi.updated_timestamp AS order_item_updated_timestamp,
                            oi.is_active AS order_item_is_active,
                            oi.processed_at AS order_item_processed_at
                    ,
    
                p.product_id,
                            p.product_name,
                            p.category,
                            p.brand,
                            p.price,
                            p.created_timestamp AS product_created_timestamp,
                            p.updated_timestamp AS product_updated_timestamp,
                            p.is_active AS product_is_active,
                            p.processed_at AS product_processed_at
                    ,
    
                e.employee_id,
                                e.first_name AS employee_first_name,
                                e.last_name AS employee_last_name,
                                e.email AS employee_email,
                                e.job_title,
                                e.salary,
                                e.created_timestamp AS employee_created_timestamp,
                                e.updated_timestamp AS employee_updated_timestamp,
                                e.is_active AS employee_is_active,
                                e.processed_at AS employee_processed_at
                    ,
    
                s.store_name,
                            s.city AS store_city,
                            s.province AS store_province,
                            s.country AS store_country,
                            s.created_timestamp AS store_created_timestamp,
                            s.updated_timestamp AS store_updated_timestamp,
                            s.is_active AS store_is_active,
                            s.processed_at AS store_processed_at
                    
    
FROM 
    
        
            walmart.silver_t.orders_t AS o
        
    
        
LEFT JOIN
        walmart.silver_t.customers_t AS c 
        ON o.customer_id = c.customer_id
        
    
        
LEFT JOIN
        walmart.silver_t.order_items_t AS oi 
        ON o.order_id = oi.order_id
        
    
        
LEFT JOIN
        walmart.silver_t.products_t AS p 
        ON oi.product_id = p.product_id
        
    
        
LEFT JOIN
        walmart.silver_t.employees_t AS e 
        ON o.store_id = e.store_id
        
    
        
LEFT JOIN
        walmart.silver_t.stores_t AS s 
        ON o.store_id = s.store_id
  
[0m07:31:12.474215 [debug] [Thread-5 (]: SQL status: OK in 7.430 seconds
[0m07:31:12.477708 [debug] [Thread-5 (]: Databricks adapter: Cursor(session-id=01f1a1e9-42e2-1138-abe0-80eb3e135da2, command-id=01f1a1e9-438b-1102-8789-acd3456ef0a9) - Closing
[0m07:31:12.906239 [debug] [Thread-5 (]: Applying tags to relation None
[0m07:31:12.938269 [debug] [Thread-5 (]: On model.walmart_project.obt_b: Close
[0m07:31:12.939967 [debug] [Thread-5 (]: Databricks adapter: Connection(session-id=01f1a1e9-42e2-1138-abe0-80eb3e135da2) - Closing
[0m07:31:13.325416 [debug] [Thread-5 (]: Sending event: {'category': 'dbt', 'action': 'run_model', 'label': '404be3cf-e630-4648-960d-89fe5895db7f', 'context': [<snowplow_tracker.self_describing_json.SelfDescribingJson object at 0x7b1d978d6f90>]}
[0m07:31:13.328100 [info ] [Thread-5 (]: 1 of 1 OK created sql table model silver_b.obt_b ............................... [[32mOK[0m in 10.68s]
[0m07:31:13.331364 [debug] [Thread-5 (]: Finished running node model.walmart_project.obt_b
[0m07:31:13.336378 [debug] [MainThread]: Databricks adapter: DatabricksDBTConnection(session-id=None, name=master) - Creating connection
[0m07:31:13.338068 [debug] [MainThread]: Acquiring new databricks connection 'master'
[0m07:31:13.340046 [info ] [MainThread]: 
[0m07:31:13.341714 [info ] [MainThread]: Finished running 1 table model in 0 hours 0 minutes and 25.51 seconds (25.51s).
[0m07:31:13.344708 [debug] [MainThread]: Command end result
[0m07:31:13.563220 [debug] [MainThread]: Wrote artifact WritableManifest to /opt/airflow/walmart_project/target/manifest.json
[0m07:31:13.576267 [debug] [MainThread]: Wrote artifact SemanticManifest to /opt/airflow/walmart_project/target/semantic_manifest.json
[0m07:31:13.589537 [debug] [MainThread]: Wrote artifact OsiDocument to /opt/airflow/walmart_project/target/osi_document.json
[0m07:31:13.609282 [debug] [MainThread]: Wrote artifact RunExecutionResult to /opt/airflow/walmart_project/target/run_results.json
[0m07:31:13.610948 [info ] [MainThread]: 
[0m07:31:13.613087 [info ] [MainThread]: [32mCompleted successfully[0m
[0m07:31:13.615104 [info ] [MainThread]: 
[0m07:31:13.617136 [info ] [MainThread]: Done. PASS=1 WARN=0 ERROR=0 SKIP=0 NO-OP=0 REUSED=0 TOTAL=1
[0m07:31:13.620322 [debug] [MainThread]: Resource report: {"command_name": "run", "command_success": true, "command_wall_clock_time": 30.483025, "process_in_blocks": "2011", "process_kernel_time": 0.567037, "process_mem_max_rss": "298640", "process_out_blocks": "0", "process_user_time": 9.313896}
[0m07:31:13.622152 [debug] [MainThread]: Command `dbt run` succeeded at 07:31:13.621907 after 30.49 seconds
[0m07:31:13.624125 [debug] [MainThread]: Sending event: {'category': 'dbt', 'action': 'invocation', 'label': 'end', 'context': [<snowplow_tracker.self_describing_json.SelfDescribingJson object at 0x7b1d95414730>, <snowplow_tracker.self_describing_json.SelfDescribingJson object at 0x7b1d975efbb0>, <snowplow_tracker.self_describing_json.SelfDescribingJson object at 0x7b1d975eec10>]}
[0m07:31:13.626534 [debug] [MainThread]: Flushing usage events
[0m07:31:14.826777 [debug] [MainThread]: An error was encountered while trying to flush usage events
[0m07:31:21.101930 [debug] [MainThread]: Sending event: {'category': 'dbt', 'action': 'invocation', 'label': 'start', 'context': [<snowplow_tracker.self_describing_json.SelfDescribingJson object at 0x7c87c803a3c0>, <snowplow_tracker.self_describing_json.SelfDescribingJson object at 0x7c87cac99090>, <snowplow_tracker.self_describing_json.SelfDescribingJson object at 0x7c87c6a07c50>]}


============================== 07:31:21.107625 | 22038168-d0cf-4921-9d12-b543872326b5 ==============================
[0m07:31:21.107625 [info ] [MainThread]: Running with dbt=1.12.0
[0m07:31:21.109438 [debug] [MainThread]: running dbt with arguments {'debug': 'False', 'warn_error_options': 'WarnErrorOptionsV2(error=[], warn=[], silence=[])', 'log_format': 'default', 'partial_parse': 'True', 'write_json': 'True', 'log_path': '/opt/airflow/walmart_project/logs', 'log_cache_events': 'False', 'printer_width': '80', 'use_experimental_parser': 'False', 'cache_selected_only': 'False', 'indirect_selection': 'eager', 'warn_error': 'None', 'use_colors': 'True', 'empty': 'None', 'send_anonymous_usage_stats': 'True', 'fail_fast': 'False', 'no_print': 'None', 'invocation_command': 'dbt test --select silver_b', 'introspect': 'True', 'hints_enabled': 'True', 'maximum_seed_size_mib': '1', 'profiles_dir': '/opt/airflow/walmart_project', 'target_path': 'None', 'quiet': 'False', 'static_parser': 'True', 'version_check': 'True'}
[0m07:31:22.578047 [debug] [MainThread]: Spark adapter: Setting pyhive.hive logging to ERROR
[0m07:31:22.579802 [debug] [MainThread]: Spark adapter: Setting thrift.transport logging to ERROR
[0m07:31:22.581521 [debug] [MainThread]: Spark adapter: Setting thrift.protocol logging to ERROR
[0m07:31:23.666951 [debug] [MainThread]: Sending event: {'category': 'dbt', 'action': 'project_id', 'label': '22038168-d0cf-4921-9d12-b543872326b5', 'context': [<snowplow_tracker.self_describing_json.SelfDescribingJson object at 0x7c87c7cbcfc0>]}
[0m07:31:23.768202 [debug] [MainThread]: Sending event: {'category': 'dbt', 'action': 'adapter_info', 'label': '22038168-d0cf-4921-9d12-b543872326b5', 'context': [<snowplow_tracker.self_describing_json.SelfDescribingJson object at 0x7c87c818d590>]}
[0m07:31:23.770766 [info ] [MainThread]: Registered adapter: databricks=1.12.4
[0m07:31:23.941767 [debug] [MainThread]: checksum: 678a63b8c943f3e6b7f980b9e41a0fbb4f4f4ddaf0d88f2a1aa6f584106916d4, vars: {}, profile: walmart_project, target: dev, version: 1.12.0
[0m07:31:24.699687 [debug] [MainThread]: Partial parsing enabled: 0 files deleted, 0 files added, 0 files changed.
[0m07:31:24.701157 [debug] [MainThread]: Nothing changed, skipping partial parsing.
[0m07:31:24.702589 [debug] [MainThread]: Partial parsing enabled, no changes found, skipping parsing
[0m07:31:24.722508 [debug] [MainThread]: Sending event: {'category': 'dbt', 'action': 'load_project', 'label': '22038168-d0cf-4921-9d12-b543872326b5', 'context': [<snowplow_tracker.self_describing_json.SelfDescribingJson object at 0x7c87a41f2b50>]}
[0m07:31:25.183460 [debug] [MainThread]: Wrote artifact WritableManifest to /opt/airflow/walmart_project/target/manifest.json
[0m07:31:25.202335 [debug] [MainThread]: Wrote artifact SemanticManifest to /opt/airflow/walmart_project/target/semantic_manifest.json
[0m07:31:25.273986 [debug] [MainThread]: Wrote artifact OsiDocument to /opt/airflow/walmart_project/target/osi_document.json
[0m07:31:25.371485 [debug] [MainThread]: Sending event: {'category': 'dbt', 'action': 'resource_counts', 'label': '22038168-d0cf-4921-9d12-b543872326b5', 'context': [<snowplow_tracker.self_describing_json.SelfDescribingJson object at 0x7c879ff32030>]}
[0m07:31:25.374427 [info ] [MainThread]: Found 13 models, 5 snapshots, 4 data tests, 6 sources, 774 macros
[0m07:31:25.377838 [debug] [MainThread]: Sending event: {'category': 'dbt', 'action': 'runnable_timing', 'label': '22038168-d0cf-4921-9d12-b543872326b5', 'context': [<snowplow_tracker.self_describing_json.SelfDescribingJson object at 0x7c879ff1fcb0>]}
[0m07:31:25.387815 [warn ] [MainThread]: [[33mWARNING[0m]: Nothing to do. Try checking your model configs and model specification args
[0m07:31:25.410372 [debug] [MainThread]: Command end result
[0m07:31:25.804107 [debug] [MainThread]: Wrote artifact WritableManifest to /opt/airflow/walmart_project/target/manifest.json
[0m07:31:25.815059 [debug] [MainThread]: Wrote artifact SemanticManifest to /opt/airflow/walmart_project/target/semantic_manifest.json
[0m07:31:25.824455 [debug] [MainThread]: Wrote artifact OsiDocument to /opt/airflow/walmart_project/target/osi_document.json
[0m07:31:25.835862 [debug] [MainThread]: Wrote artifact RunExecutionResult to /opt/airflow/walmart_project/target/run_results.json
[0m07:31:25.837815 [debug] [MainThread]: Resource report: {"command_name": "test", "command_success": true, "command_wall_clock_time": 4.888401, "process_in_blocks": "2011", "process_kernel_time": 0.472784, "process_mem_max_rss": "280724", "process_out_blocks": "0", "process_user_time": 7.143854}
[0m07:31:25.839565 [debug] [MainThread]: Command `dbt test` succeeded at 07:31:25.839348 after 4.89 seconds
[0m07:31:25.840988 [debug] [MainThread]: Sending event: {'category': 'dbt', 'action': 'invocation', 'label': 'end', 'context': [<snowplow_tracker.self_describing_json.SelfDescribingJson object at 0x7c879ff75980>, <snowplow_tracker.self_describing_json.SelfDescribingJson object at 0x7c87c6b78a10>, <snowplow_tracker.self_describing_json.SelfDescribingJson object at 0x7c87a42bd6d0>]}
[0m07:31:25.842892 [debug] [MainThread]: Flushing usage events
[0m07:31:27.044838 [debug] [MainThread]: An error was encountered while trying to flush usage events
[0m07:31:34.222323 [debug] [MainThread]: Sending event: {'category': 'dbt', 'action': 'invocation', 'label': 'start', 'context': [<snowplow_tracker.self_describing_json.SelfDescribingJson object at 0x7708e30863c0>, <snowplow_tracker.self_describing_json.SelfDescribingJson object at 0x7708e5ce1090>, <snowplow_tracker.self_describing_json.SelfDescribingJson object at 0x7708e1a53c50>]}


============================== 07:31:34.228789 | 59b2bde0-2f4f-429b-8cf0-d502eb26c87c ==============================
[0m07:31:34.228789 [info ] [MainThread]: Running with dbt=1.12.0
[0m07:31:34.230560 [debug] [MainThread]: running dbt with arguments {'fail_fast': 'False', 'log_cache_events': 'False', 'target_path': 'None', 'log_path': '/opt/airflow/walmart_project/logs', 'empty': 'False', 'write_json': 'True', 'warn_error_options': 'WarnErrorOptionsV2(error=[], warn=[], silence=[])', 'hints_enabled': 'True', 'invocation_command': 'dbt run --select gold/ephermeral', 'quiet': 'False', 'no_print': 'None', 'use_experimental_parser': 'False', 'partial_parse': 'True', 'cache_selected_only': 'False', 'profiles_dir': '/opt/airflow/walmart_project', 'debug': 'False', 'static_parser': 'True', 'send_anonymous_usage_stats': 'True', 'version_check': 'True', 'use_colors': 'True', 'introspect': 'True', 'log_format': 'default', 'printer_width': '80', 'indirect_selection': 'eager', 'warn_error': 'None', 'maximum_seed_size_mib': '1'}
[0m07:31:36.236352 [debug] [MainThread]: Spark adapter: Setting pyhive.hive logging to ERROR
[0m07:31:36.238104 [debug] [MainThread]: Spark adapter: Setting thrift.transport logging to ERROR
[0m07:31:36.239835 [debug] [MainThread]: Spark adapter: Setting thrift.protocol logging to ERROR
[0m07:31:37.388953 [debug] [MainThread]: Sending event: {'category': 'dbt', 'action': 'project_id', 'label': '59b2bde0-2f4f-429b-8cf0-d502eb26c87c', 'context': [<snowplow_tracker.self_describing_json.SelfDescribingJson object at 0x7708e2d08e90>]}
[0m07:31:37.538123 [debug] [MainThread]: Sending event: {'category': 'dbt', 'action': 'adapter_info', 'label': '59b2bde0-2f4f-429b-8cf0-d502eb26c87c', 'context': [<snowplow_tracker.self_describing_json.SelfDescribingJson object at 0x7708e31dd590>]}
[0m07:31:37.551932 [info ] [MainThread]: Registered adapter: databricks=1.12.4
[0m07:31:37.877331 [debug] [MainThread]: checksum: 678a63b8c943f3e6b7f980b9e41a0fbb4f4f4ddaf0d88f2a1aa6f584106916d4, vars: {}, profile: walmart_project, target: dev, version: 1.12.0
[0m07:31:38.674139 [debug] [MainThread]: Partial parsing enabled: 0 files deleted, 0 files added, 0 files changed.
[0m07:31:38.675710 [debug] [MainThread]: Nothing changed, skipping partial parsing.
[0m07:31:38.677132 [debug] [MainThread]: Partial parsing enabled, no changes found, skipping parsing
[0m07:31:38.697014 [debug] [MainThread]: Sending event: {'category': 'dbt', 'action': 'load_project', 'label': '59b2bde0-2f4f-429b-8cf0-d502eb26c87c', 'context': [<snowplow_tracker.self_describing_json.SelfDescribingJson object at 0x7708bb2cab50>]}
[0m07:31:39.175883 [debug] [MainThread]: Wrote artifact WritableManifest to /opt/airflow/walmart_project/target/manifest.json
[0m07:31:39.188644 [debug] [MainThread]: Wrote artifact SemanticManifest to /opt/airflow/walmart_project/target/semantic_manifest.json
[0m07:31:39.216017 [debug] [MainThread]: Wrote artifact OsiDocument to /opt/airflow/walmart_project/target/osi_document.json
[0m07:31:39.243753 [debug] [MainThread]: Sending event: {'category': 'dbt', 'action': 'resource_counts', 'label': '59b2bde0-2f4f-429b-8cf0-d502eb26c87c', 'context': [<snowplow_tracker.self_describing_json.SelfDescribingJson object at 0x7708bb19dd60>]}
[0m07:31:39.245990 [info ] [MainThread]: Found 13 models, 5 snapshots, 4 data tests, 6 sources, 774 macros
[0m07:31:39.247959 [debug] [MainThread]: Sending event: {'category': 'dbt', 'action': 'runnable_timing', 'label': '59b2bde0-2f4f-429b-8cf0-d502eb26c87c', 'context': [<snowplow_tracker.self_describing_json.SelfDescribingJson object at 0x7708bb4af690>]}
[0m07:31:39.254269 [warn ] [MainThread]: [[33mWARNING[0m]: The selection criterion 'gold/ephermeral' does not match any enabled nodes
[0m07:31:39.259480 [warn ] [MainThread]: [[33mWARNING[0m]: Nothing to do. Try checking your model configs and model specification args
[0m07:31:39.266654 [debug] [MainThread]: Command end result
[0m07:31:39.477197 [debug] [MainThread]: Wrote artifact WritableManifest to /opt/airflow/walmart_project/target/manifest.json
[0m07:31:39.492056 [debug] [MainThread]: Wrote artifact SemanticManifest to /opt/airflow/walmart_project/target/semantic_manifest.json
[0m07:31:39.503974 [debug] [MainThread]: Wrote artifact OsiDocument to /opt/airflow/walmart_project/target/osi_document.json
[0m07:31:39.517770 [debug] [MainThread]: Wrote artifact RunExecutionResult to /opt/airflow/walmart_project/target/run_results.json
[0m07:31:39.520844 [debug] [MainThread]: Resource report: {"command_name": "run", "command_success": true, "command_wall_clock_time": 5.4575067, "process_in_blocks": "2011", "process_kernel_time": 0.557824, "process_mem_max_rss": "280140", "process_out_blocks": "0", "process_user_time": 8.210861}
[0m07:31:39.523770 [debug] [MainThread]: Command `dbt run` succeeded at 07:31:39.523300 after 5.46 seconds
[0m07:31:39.526183 [debug] [MainThread]: Sending event: {'category': 'dbt', 'action': 'invocation', 'label': 'end', 'context': [<snowplow_tracker.self_describing_json.SelfDescribingJson object at 0x7708bb1b1640>, <snowplow_tracker.self_describing_json.SelfDescribingJson object at 0x7708e1bc0a10>, <snowplow_tracker.self_describing_json.SelfDescribingJson object at 0x7708bb570890>]}
[0m07:31:39.528165 [debug] [MainThread]: Flushing usage events
[0m07:31:40.856334 [debug] [MainThread]: An error was encountered while trying to flush usage events
[0m07:31:46.571834 [debug] [MainThread]: Sending event: {'category': 'dbt', 'action': 'invocation', 'label': 'start', 'context': [<snowplow_tracker.self_describing_json.SelfDescribingJson object at 0x7b34d78223c0>, <snowplow_tracker.self_describing_json.SelfDescribingJson object at 0x7b34da49d090>, <snowplow_tracker.self_describing_json.SelfDescribingJson object at 0x7b34d620fc50>]}


============================== 07:31:46.578043 | 4c85d13a-5086-4a4a-bbf3-cb0582f23d74 ==============================
[0m07:31:46.578043 [info ] [MainThread]: Running with dbt=1.12.0
[0m07:31:46.579770 [debug] [MainThread]: running dbt with arguments {'partial_parse': 'True', 'indirect_selection': 'eager', 'target_path': 'None', 'maximum_seed_size_mib': '1', 'warn_error': 'None', 'use_colors': 'True', 'invocation_command': 'dbt snapshot', 'log_cache_events': 'False', 'version_check': 'True', 'log_path': '/opt/airflow/walmart_project/logs', 'use_experimental_parser': 'False', 'profiles_dir': '/opt/airflow/walmart_project', 'empty': 'False', 'no_print': 'None', 'cache_selected_only': 'False', 'printer_width': '80', 'log_format': 'default', 'send_anonymous_usage_stats': 'True', 'static_parser': 'True', 'fail_fast': 'False', 'write_json': 'True', 'debug': 'False', 'hints_enabled': 'True', 'quiet': 'False', 'warn_error_options': 'WarnErrorOptionsV2(error=[], warn=[], silence=[])', 'introspect': 'True'}
[0m07:31:48.170905 [debug] [MainThread]: Spark adapter: Setting pyhive.hive logging to ERROR
[0m07:31:48.172390 [debug] [MainThread]: Spark adapter: Setting thrift.transport logging to ERROR
[0m07:31:48.174263 [debug] [MainThread]: Spark adapter: Setting thrift.protocol logging to ERROR
[0m07:31:49.400410 [debug] [MainThread]: Sending event: {'category': 'dbt', 'action': 'project_id', 'label': '4c85d13a-5086-4a4a-bbf3-cb0582f23d74', 'context': [<snowplow_tracker.self_describing_json.SelfDescribingJson object at 0x7b34d74c4fc0>]}
[0m07:31:49.530031 [debug] [MainThread]: Sending event: {'category': 'dbt', 'action': 'adapter_info', 'label': '4c85d13a-5086-4a4a-bbf3-cb0582f23d74', 'context': [<snowplow_tracker.self_describing_json.SelfDescribingJson object at 0x7b34d7991590>]}
[0m07:31:49.532831 [info ] [MainThread]: Registered adapter: databricks=1.12.4
[0m07:31:49.722048 [debug] [MainThread]: checksum: 678a63b8c943f3e6b7f980b9e41a0fbb4f4f4ddaf0d88f2a1aa6f584106916d4, vars: {}, profile: walmart_project, target: dev, version: 1.12.0
[0m07:31:50.576056 [debug] [MainThread]: Partial parsing enabled: 0 files deleted, 0 files added, 0 files changed.
[0m07:31:50.577578 [debug] [MainThread]: Nothing changed, skipping partial parsing.
[0m07:31:50.578969 [debug] [MainThread]: Partial parsing enabled, no changes found, skipping parsing
[0m07:31:50.602877 [debug] [MainThread]: Sending event: {'category': 'dbt', 'action': 'load_project', 'label': '4c85d13a-5086-4a4a-bbf3-cb0582f23d74', 'context': [<snowplow_tracker.self_describing_json.SelfDescribingJson object at 0x7b34af9e6b50>]}
[0m07:31:51.078050 [debug] [MainThread]: Wrote artifact WritableManifest to /opt/airflow/walmart_project/target/manifest.json
[0m07:31:51.088949 [debug] [MainThread]: Wrote artifact SemanticManifest to /opt/airflow/walmart_project/target/semantic_manifest.json
[0m07:31:51.120046 [debug] [MainThread]: Wrote artifact OsiDocument to /opt/airflow/walmart_project/target/osi_document.json
[0m07:31:51.154001 [debug] [MainThread]: Sending event: {'category': 'dbt', 'action': 'resource_counts', 'label': '4c85d13a-5086-4a4a-bbf3-cb0582f23d74', 'context': [<snowplow_tracker.self_describing_json.SelfDescribingJson object at 0x7b34af8f1e50>]}
[0m07:31:51.156236 [info ] [MainThread]: Found 13 models, 5 snapshots, 4 data tests, 6 sources, 774 macros
[0m07:31:51.158468 [debug] [MainThread]: Sending event: {'category': 'dbt', 'action': 'runnable_timing', 'label': '4c85d13a-5086-4a4a-bbf3-cb0582f23d74', 'context': [<snowplow_tracker.self_describing_json.SelfDescribingJson object at 0x7b34afa1fcb0>]}
[0m07:31:51.165040 [info ] [MainThread]: 
[0m07:31:51.167211 [info ] [MainThread]: Concurrency: 1 threads (target='dev')
[0m07:31:51.169318 [info ] [MainThread]: 
[0m07:31:51.172256 [debug] [MainThread]: Databricks adapter: DatabricksDBTConnection(session-id=None, name=master) - Creating connection
[0m07:31:51.174502 [debug] [MainThread]: Acquiring new databricks connection 'master'
[0m07:31:51.190675 [debug] [ThreadPool]: Databricks adapter: DatabricksDBTConnection(session-id=None, name=list_walmart) - Creating connection
[0m07:31:51.192602 [debug] [ThreadPool]: Acquiring new databricks connection 'list_walmart'
[0m07:31:51.221970 [debug] [ThreadPool]: Using databricks connection "list_walmart"
[0m07:31:51.223834 [debug] [ThreadPool]: On list_walmart: /* {"app": "dbt", "dbt_version": "1.12.0", "dbt_databricks_version": "1.12.4", "databricks_sql_connector_version": "4.4.0", "profile_name": "walmart_project", "target_name": "dev", "invocation_id": "4c85d13a-5086-4a4a-bbf3-cb0582f23d74", "connection_name": "list_walmart"} */

    

  SHOW SCHEMAS IN `walmart`


  
[0m07:31:51.225719 [debug] [ThreadPool]: Opening a new connection, currently in state init
[0m07:31:56.976017 [debug] [ThreadPool]: Databricks adapter: Connection(session-id=01f1a1e9-6175-13df-85f9-81ad1578ccad) - Created
[0m07:31:57.555465 [debug] [ThreadPool]: SQL status: OK in 6.330 seconds
[0m07:31:57.567918 [debug] [ThreadPool]: Databricks adapter: Cursor(session-id=01f1a1e9-6175-13df-85f9-81ad1578ccad, command-id=01f1a1e9-627d-11d9-81cb-b4d7b2a99033) - Closing
[0m07:31:57.570651 [debug] [ThreadPool]: On list_walmart: Close
[0m07:31:57.572538 [debug] [ThreadPool]: Databricks adapter: Connection(session-id=01f1a1e9-6175-13df-85f9-81ad1578ccad) - Closing
[0m07:31:57.985759 [debug] [ThreadPool]: Databricks adapter: DatabricksDBTConnection(session-id=None, name=list_walmart_gold) - Creating connection
[0m07:31:57.987458 [debug] [ThreadPool]: Acquiring new databricks connection 'list_walmart_gold'
[0m07:31:57.996508 [debug] [ThreadPool]: Using databricks connection "list_walmart_gold"
[0m07:31:57.998032 [debug] [ThreadPool]: On list_walmart_gold: /* {"app": "dbt", "dbt_version": "1.12.0", "dbt_databricks_version": "1.12.4", "databricks_sql_connector_version": "4.4.0", "profile_name": "walmart_project", "target_name": "dev", "invocation_id": "4c85d13a-5086-4a4a-bbf3-cb0582f23d74", "connection_name": "list_walmart_gold"} */

    
SELECT
  table_name,
  if(table_type IN ('EXTERNAL', 'MANAGED', 'MANAGED_SHALLOW_CLONE', 'EXTERNAL_SHALLOW_CLONE'), 'table', lower(table_type)) AS table_type,
  lower(data_source_format) AS file_format,
  table_owner,
  if(
    table_type IN (
      'EXTERNAL',
      'MANAGED',
      'MANAGED_SHALLOW_CLONE',
      'EXTERNAL_SHALLOW_CLONE'
    ),
    lower(table_type),
    NULL
  ) AS databricks_table_type
FROM `system`.`information_schema`.`tables`
WHERE table_catalog = 'walmart'
  AND table_schema = 'gold'

  
[0m07:31:57.999847 [debug] [ThreadPool]: Opening a new connection, currently in state init
[0m07:31:59.545698 [debug] [ThreadPool]: Databricks adapter: Connection(session-id=01f1a1e9-63c7-19d2-9211-c0e36a603cb1) - Created
[0m07:32:00.296295 [debug] [ThreadPool]: SQL status: OK in 2.300 seconds
[0m07:32:00.302475 [debug] [ThreadPool]: Databricks adapter: Cursor(session-id=01f1a1e9-63c7-19d2-9211-c0e36a603cb1, command-id=01f1a1e9-6403-1901-948a-21acc003afcf) - Closing
[0m07:32:00.305364 [debug] [ThreadPool]: On list_walmart_gold: Close
[0m07:32:00.307445 [debug] [ThreadPool]: Databricks adapter: Connection(session-id=01f1a1e9-63c7-19d2-9211-c0e36a603cb1) - Closing
[0m07:32:00.711900 [debug] [ThreadPool]: Databricks adapter: DatabricksDBTConnection(session-id=None, name=list_walmart_silver_t) - Creating connection
[0m07:32:00.718158 [debug] [ThreadPool]: Acquiring new databricks connection 'list_walmart_silver_t'
[0m07:32:00.725269 [debug] [ThreadPool]: Using databricks connection "list_walmart_silver_t"
[0m07:32:00.727907 [debug] [ThreadPool]: On list_walmart_silver_t: /* {"app": "dbt", "dbt_version": "1.12.0", "dbt_databricks_version": "1.12.4", "databricks_sql_connector_version": "4.4.0", "profile_name": "walmart_project", "target_name": "dev", "invocation_id": "4c85d13a-5086-4a4a-bbf3-cb0582f23d74", "connection_name": "list_walmart_silver_t"} */

    
SELECT
  table_name,
  if(table_type IN ('EXTERNAL', 'MANAGED', 'MANAGED_SHALLOW_CLONE', 'EXTERNAL_SHALLOW_CLONE'), 'table', lower(table_type)) AS table_type,
  lower(data_source_format) AS file_format,
  table_owner,
  if(
    table_type IN (
      'EXTERNAL',
      'MANAGED',
      'MANAGED_SHALLOW_CLONE',
      'EXTERNAL_SHALLOW_CLONE'
    ),
    lower(table_type),
    NULL
  ) AS databricks_table_type
FROM `system`.`information_schema`.`tables`
WHERE table_catalog = 'walmart'
  AND table_schema = 'silver_t'

  
[0m07:32:00.729834 [debug] [ThreadPool]: Opening a new connection, currently in state init
[0m07:32:02.307448 [debug] [ThreadPool]: Databricks adapter: Connection(session-id=01f1a1e9-656c-199c-8b84-c0478c0dae5a) - Created
[0m07:32:02.996653 [debug] [ThreadPool]: SQL status: OK in 2.270 seconds
[0m07:32:03.000510 [debug] [ThreadPool]: Databricks adapter: Cursor(session-id=01f1a1e9-656c-199c-8b84-c0478c0dae5a, command-id=01f1a1e9-65a8-1b54-8d50-e8942e645924) - Closing
[0m07:32:03.002632 [debug] [ThreadPool]: On list_walmart_silver_t: Close
[0m07:32:03.004129 [debug] [ThreadPool]: Databricks adapter: Connection(session-id=01f1a1e9-656c-199c-8b84-c0478c0dae5a) - Closing
[0m07:32:03.410105 [debug] [ThreadPool]: Databricks adapter: DatabricksDBTConnection(session-id=None, name=list_walmart_silver_b) - Creating connection
[0m07:32:03.413738 [debug] [ThreadPool]: Acquiring new databricks connection 'list_walmart_silver_b'
[0m07:32:03.416714 [debug] [ThreadPool]: Using databricks connection "list_walmart_silver_b"
[0m07:32:03.418536 [debug] [ThreadPool]: On list_walmart_silver_b: /* {"app": "dbt", "dbt_version": "1.12.0", "dbt_databricks_version": "1.12.4", "databricks_sql_connector_version": "4.4.0", "profile_name": "walmart_project", "target_name": "dev", "invocation_id": "4c85d13a-5086-4a4a-bbf3-cb0582f23d74", "connection_name": "list_walmart_silver_b"} */

    
SELECT
  table_name,
  if(table_type IN ('EXTERNAL', 'MANAGED', 'MANAGED_SHALLOW_CLONE', 'EXTERNAL_SHALLOW_CLONE'), 'table', lower(table_type)) AS table_type,
  lower(data_source_format) AS file_format,
  table_owner,
  if(
    table_type IN (
      'EXTERNAL',
      'MANAGED',
      'MANAGED_SHALLOW_CLONE',
      'EXTERNAL_SHALLOW_CLONE'
    ),
    lower(table_type),
    NULL
  ) AS databricks_table_type
FROM `system`.`information_schema`.`tables`
WHERE table_catalog = 'walmart'
  AND table_schema = 'silver_b'

  
[0m07:32:03.420088 [debug] [ThreadPool]: Opening a new connection, currently in state init
[0m07:32:04.980340 [debug] [ThreadPool]: Databricks adapter: Connection(session-id=01f1a1e9-6702-16f5-a85a-a915c56d6326) - Created
[0m07:32:05.830890 [debug] [ThreadPool]: SQL status: OK in 2.410 seconds
[0m07:32:05.834578 [debug] [ThreadPool]: Databricks adapter: Cursor(session-id=01f1a1e9-6702-16f5-a85a-a915c56d6326, command-id=01f1a1e9-673f-11e9-940f-0e0c929cd8b6) - Closing
[0m07:32:05.836445 [debug] [ThreadPool]: On list_walmart_silver_b: Close
[0m07:32:05.838555 [debug] [ThreadPool]: Databricks adapter: Connection(session-id=01f1a1e9-6702-16f5-a85a-a915c56d6326) - Closing
[0m07:32:06.238921 [debug] [MainThread]: Sending event: {'category': 'dbt', 'action': 'runnable_timing', 'label': '4c85d13a-5086-4a4a-bbf3-cb0582f23d74', 'context': [<snowplow_tracker.self_describing_json.SelfDescribingJson object at 0x7b34af798600>]}
[0m07:32:06.263647 [debug] [Thread-5 (]: Began running node snapshot.walmart_project.dim_customers
[0m07:32:06.266596 [info ] [Thread-5 (]: 1 of 5 START snapshot gold.dim_customers ....................................... [RUN]
[0m07:32:06.269410 [debug] [Thread-5 (]: Databricks adapter: DatabricksDBTConnection(session-id=None, name=snapshot.walmart_project.dim_customers) - Creating connection
[0m07:32:06.271670 [debug] [Thread-5 (]: Acquiring new databricks connection 'snapshot.walmart_project.dim_customers'
[0m07:32:06.274145 [debug] [Thread-5 (]: Began compiling node snapshot.walmart_project.dim_customers
[0m07:32:06.293363 [debug] [Thread-5 (]: Writing injected SQL for node "snapshot.walmart_project.dim_customers"
[0m07:32:06.327618 [debug] [Thread-5 (]: Writing injected SQL for node "snapshot.walmart_project.dim_customers"
[0m07:32:06.358041 [debug] [Thread-5 (]: Began executing node snapshot.walmart_project.dim_customers
[0m07:32:06.502082 [debug] [Thread-5 (]: Using databricks connection "snapshot.walmart_project.dim_customers"
[0m07:32:06.504794 [debug] [Thread-5 (]: On snapshot.walmart_project.dim_customers: /* {"app": "dbt", "dbt_version": "1.12.0", "dbt_databricks_version": "1.12.4", "databricks_sql_connector_version": "4.4.0", "profile_name": "walmart_project", "target_name": "dev", "invocation_id": "4c85d13a-5086-4a4a-bbf3-cb0582f23d74", "node_id": "snapshot.walmart_project.dim_customers"} */

    
  DESCRIBE TABLE EXTENDED `walmart`.`gold`.`dim_customers` AS JSON

  
[0m07:32:06.506865 [debug] [Thread-5 (]: Opening a new connection, currently in state init
[0m07:32:08.272117 [debug] [Thread-5 (]: Databricks adapter: Connection(session-id=01f1a1e9-68f7-10d3-a79e-a9ec8cca7a94) - Created
[0m07:32:09.409242 [debug] [Thread-5 (]: SQL status: OK in 2.900 seconds
[0m07:32:09.414742 [debug] [Thread-5 (]: Databricks adapter: Cursor(session-id=01f1a1e9-68f7-10d3-a79e-a9ec8cca7a94, command-id=01f1a1e9-6934-1c29-9880-fba951348fd4) - Closing
[0m07:32:09.538939 [debug] [Thread-5 (]: Using databricks connection "snapshot.walmart_project.dim_customers"
[0m07:32:09.541359 [debug] [Thread-5 (]: On snapshot.walmart_project.dim_customers: /* {"app": "dbt", "dbt_version": "1.12.0", "dbt_databricks_version": "1.12.4", "databricks_sql_connector_version": "4.4.0", "profile_name": "walmart_project", "target_name": "dev", "invocation_id": "4c85d13a-5086-4a4a-bbf3-cb0582f23d74", "node_id": "snapshot.walmart_project.dim_customers"} */

        
  
    create or replace temporary view `dim_customers__dbt_tmp` as
      
    
    with snapshot_query as (

        with __dbt__cte__eph_customers as (
select 
    distinct
    customer_id,
    customer_first_name,
    customer_last_name,
    customer_email,
    customer_phone,
    customer_city,
    customer_province,
    customer_country,
    customer_created_timestamp,
    customer_updated_timestamp,
    customer_is_active,
    customer_processed_at,
    current_timestamp() AS customer_gold_processed_at

FROM 
    `walmart`.`silver_b`.`obt_b`
) select * from __dbt__cte__eph_customers

    ),

    snapshotted_data as (

        select *, 
    
        customer_id as dbt_unique_key
    

        from `walmart`.`gold`.`dim_customers`
        where
            
                
                

                
                ( (dbt_valid_to = to_date('9999-12-31'))
 or dbt_valid_to is null )
            

    ),

    insertions_source_data as (

        select *, 
    
        customer_id as dbt_unique_key
    
,
            customer_updated_timestamp as dbt_updated_at,
            customer_updated_timestamp as dbt_valid_from,
            
  
  coalesce(nullif(customer_updated_timestamp, customer_updated_timestamp), to_date('9999-12-31'))
  as dbt_valid_to
,
            md5(coalesce(cast(customer_id as string ), '')
         || '|' || coalesce(cast(customer_updated_timestamp as string ), '')
        ) as dbt_scd_id

        from snapshot_query
    ),

    updates_source_data as (

        select *, 
    
        customer_id as dbt_unique_key
    
,
            customer_updated_timestamp as dbt_updated_at,
            customer_updated_timestamp as dbt_valid_from,
            customer_updated_timestamp as dbt_valid_to

        from snapshot_query
    ),

    insertions as (

        select
            'insert' as dbt_change_type,
            source_data.*

        from insertions_source_data as source_data
        left outer join snapshotted_data
            on 
    
        snapshotted_data.dbt_unique_key = source_data.dbt_unique_key
    

            where 
    
        snapshotted_data.dbt_unique_key is null
    

            or (
    
        snapshotted_data.dbt_unique_key is not null
    
 and (
                (snapshotted_data.dbt_valid_from < source_data.customer_updated_timestamp)
            )

        )

    ),

    updates as (

        select
            'update' as dbt_change_type,
            source_data.*,
            snapshotted_data.dbt_scd_id

        from updates_source_data as source_data
        join snapshotted_data
            on 
    
        snapshotted_data.dbt_unique_key = source_data.dbt_unique_key
    

        where (
            (snapshotted_data.dbt_valid_from < source_data.customer_updated_timestamp)
        )
    )

    select * from insertions
    union all
    select * from updates

  
    
[0m07:32:10.465258 [debug] [Thread-5 (]: SQL status: OK in 0.920 seconds
[0m07:32:10.467723 [debug] [Thread-5 (]: Databricks adapter: Cursor(session-id=01f1a1e9-68f7-10d3-a79e-a9ec8cca7a94, command-id=01f1a1e9-69f6-1b91-8511-f6961b8d1e2c) - Closing
[0m07:32:10.470718 [debug] [Thread-5 (]: Using databricks connection "snapshot.walmart_project.dim_customers"
[0m07:32:10.472368 [debug] [Thread-5 (]: On snapshot.walmart_project.dim_customers: /* {"app": "dbt", "dbt_version": "1.12.0", "dbt_databricks_version": "1.12.4", "databricks_sql_connector_version": "4.4.0", "profile_name": "walmart_project", "target_name": "dev", "invocation_id": "4c85d13a-5086-4a4a-bbf3-cb0582f23d74", "node_id": "snapshot.walmart_project.dim_customers"} */

    
  DESCRIBE TABLE EXTENDED `dim_customers__dbt_tmp` AS JSON

  
[0m07:32:10.944722 [debug] [Thread-5 (]: SQL status: OK in 0.470 seconds
[0m07:32:10.948897 [debug] [Thread-5 (]: Databricks adapter: Cursor(session-id=01f1a1e9-68f7-10d3-a79e-a9ec8cca7a94, command-id=01f1a1e9-6a8b-124a-8c78-8b25f3b0094f) - Closing
[0m07:32:10.952913 [debug] [Thread-5 (]: Using databricks connection "snapshot.walmart_project.dim_customers"
[0m07:32:10.954781 [debug] [Thread-5 (]: On snapshot.walmart_project.dim_customers: /* {"app": "dbt", "dbt_version": "1.12.0", "dbt_databricks_version": "1.12.4", "databricks_sql_connector_version": "4.4.0", "profile_name": "walmart_project", "target_name": "dev", "invocation_id": "4c85d13a-5086-4a4a-bbf3-cb0582f23d74", "node_id": "snapshot.walmart_project.dim_customers"} */

    
  DESCRIBE TABLE EXTENDED `walmart`.`gold`.`dim_customers` AS JSON

  
[0m07:32:11.762536 [debug] [Thread-5 (]: SQL status: OK in 0.810 seconds
[0m07:32:11.765812 [debug] [Thread-5 (]: Databricks adapter: Cursor(session-id=01f1a1e9-68f7-10d3-a79e-a9ec8cca7a94, command-id=01f1a1e9-6ace-15bd-bcb1-a9fb6125efd2) - Closing
[0m07:32:11.768570 [debug] [Thread-5 (]: Using databricks connection "snapshot.walmart_project.dim_customers"
[0m07:32:11.770066 [debug] [Thread-5 (]: On snapshot.walmart_project.dim_customers: /* {"app": "dbt", "dbt_version": "1.12.0", "dbt_databricks_version": "1.12.4", "databricks_sql_connector_version": "4.4.0", "profile_name": "walmart_project", "target_name": "dev", "invocation_id": "4c85d13a-5086-4a4a-bbf3-cb0582f23d74", "node_id": "snapshot.walmart_project.dim_customers"} */

    
  DESCRIBE TABLE EXTENDED `dim_customers__dbt_tmp` AS JSON

  
[0m07:32:12.183914 [debug] [Thread-5 (]: SQL status: OK in 0.410 seconds
[0m07:32:12.191284 [debug] [Thread-5 (]: Databricks adapter: Cursor(session-id=01f1a1e9-68f7-10d3-a79e-a9ec8cca7a94, command-id=01f1a1e9-6b49-1bd8-9c8b-21d9077bdfb5) - Closing
[0m07:32:12.195840 [debug] [Thread-5 (]: Using databricks connection "snapshot.walmart_project.dim_customers"
[0m07:32:12.198394 [debug] [Thread-5 (]: On snapshot.walmart_project.dim_customers: /* {"app": "dbt", "dbt_version": "1.12.0", "dbt_databricks_version": "1.12.4", "databricks_sql_connector_version": "4.4.0", "profile_name": "walmart_project", "target_name": "dev", "invocation_id": "4c85d13a-5086-4a4a-bbf3-cb0582f23d74", "node_id": "snapshot.walmart_project.dim_customers"} */

    
  DESCRIBE TABLE EXTENDED `walmart`.`gold`.`dim_customers` AS JSON

  
[0m07:32:12.896073 [debug] [Thread-5 (]: SQL status: OK in 0.700 seconds
[0m07:32:12.903067 [debug] [Thread-5 (]: Databricks adapter: Cursor(session-id=01f1a1e9-68f7-10d3-a79e-a9ec8cca7a94, command-id=01f1a1e9-6b93-1e9f-93d3-8e15fe816833) - Closing
[0m07:32:12.917212 [debug] [Thread-5 (]: Using databricks connection "snapshot.walmart_project.dim_customers"
[0m07:32:12.919830 [debug] [Thread-5 (]: On snapshot.walmart_project.dim_customers: /* {"app": "dbt", "dbt_version": "1.12.0", "dbt_databricks_version": "1.12.4", "databricks_sql_connector_version": "4.4.0", "profile_name": "walmart_project", "target_name": "dev", "invocation_id": "4c85d13a-5086-4a4a-bbf3-cb0582f23d74", "node_id": "snapshot.walmart_project.dim_customers"} */

    
  DESCRIBE TABLE EXTENDED `dim_customers__dbt_tmp` AS JSON

  
[0m07:32:13.397231 [debug] [Thread-5 (]: SQL status: OK in 0.470 seconds
[0m07:32:13.405149 [debug] [Thread-5 (]: Databricks adapter: Cursor(session-id=01f1a1e9-68f7-10d3-a79e-a9ec8cca7a94, command-id=01f1a1e9-6bf9-1ba4-813a-7528f5510410) - Closing
[0m07:32:13.437815 [debug] [Thread-5 (]: Using databricks connection "snapshot.walmart_project.dim_customers"
[0m07:32:13.439864 [debug] [Thread-5 (]: On snapshot.walmart_project.dim_customers: /* {"app": "dbt", "dbt_version": "1.12.0", "dbt_databricks_version": "1.12.4", "databricks_sql_connector_version": "4.4.0", "profile_name": "walmart_project", "target_name": "dev", "invocation_id": "4c85d13a-5086-4a4a-bbf3-cb0582f23d74", "node_id": "snapshot.walmart_project.dim_customers"} */
select * from (
        
    
    with snapshot_query as (

        with __dbt__cte__eph_customers as (
select 
    distinct
    customer_id,
    customer_first_name,
    customer_last_name,
    customer_email,
    customer_phone,
    customer_city,
    customer_province,
    customer_country,
    customer_created_timestamp,
    customer_updated_timestamp,
    customer_is_active,
    customer_processed_at,
    current_timestamp() AS customer_gold_processed_at

FROM 
    `walmart`.`silver_b`.`obt_b`
) select * from __dbt__cte__eph_customers

    ),

    snapshotted_data as (

        select *, 
    
        customer_id as dbt_unique_key
    

        from `walmart`.`gold`.`dim_customers`
        where
            
                
                

                
                ( (dbt_valid_to = to_date('9999-12-31'))
 or dbt_valid_to is null )
            

    ),

    insertions_source_data as (

        select *, 
    
        customer_id as dbt_unique_key
    
,
            customer_updated_timestamp as dbt_updated_at,
            customer_updated_timestamp as dbt_valid_from,
            
  
  coalesce(nullif(customer_updated_timestamp, customer_updated_timestamp), to_date('9999-12-31'))
  as dbt_valid_to
,
            md5(coalesce(cast(customer_id as string ), '')
         || '|' || coalesce(cast(customer_updated_timestamp as string ), '')
        ) as dbt_scd_id

        from snapshot_query
    ),

    updates_source_data as (

        select *, 
    
        customer_id as dbt_unique_key
    
,
            customer_updated_timestamp as dbt_updated_at,
            customer_updated_timestamp as dbt_valid_from,
            customer_updated_timestamp as dbt_valid_to

        from snapshot_query
    ),

    insertions as (

        select
            'insert' as dbt_change_type,
            source_data.*

        from insertions_source_data as source_data
        left outer join snapshotted_data
            on 
    
        snapshotted_data.dbt_unique_key = source_data.dbt_unique_key
    

            where 
    
        snapshotted_data.dbt_unique_key is null
    

            or (
    
        snapshotted_data.dbt_unique_key is not null
    
 and (
                (snapshotted_data.dbt_valid_from < source_data.customer_updated_timestamp)
            )

        )

    ),

    updates as (

        select
            'update' as dbt_change_type,
            source_data.*,
            snapshotted_data.dbt_scd_id

        from updates_source_data as source_data
        join snapshotted_data
            on 
    
        snapshotted_data.dbt_unique_key = source_data.dbt_unique_key
    

        where (
            (snapshotted_data.dbt_valid_from < source_data.customer_updated_timestamp)
        )
    )

    select * from insertions
    union all
    select * from updates

    ) as __dbt_sbq
    where false
    limit 0

[0m07:32:14.533868 [debug] [Thread-5 (]: SQL status: OK in 1.090 seconds
[0m07:32:14.544552 [debug] [Thread-5 (]: Using databricks connection "snapshot.walmart_project.dim_customers"
[0m07:32:14.547283 [debug] [Thread-5 (]: On snapshot.walmart_project.dim_customers: /* {"app": "dbt", "dbt_version": "1.12.0", "dbt_databricks_version": "1.12.4", "databricks_sql_connector_version": "4.4.0", "profile_name": "walmart_project", "target_name": "dev", "invocation_id": "4c85d13a-5086-4a4a-bbf3-cb0582f23d74", "node_id": "snapshot.walmart_project.dim_customers"} */
select * from (
        select 
    current_timestamp()
 as dbt_snapshot_time
    ) as __dbt_sbq
    where false
    limit 0

[0m07:32:14.549311 [debug] [Thread-5 (]: Databricks adapter: Cursor(session-id=01f1a1e9-68f7-10d3-a79e-a9ec8cca7a94, command-id=01f1a1e9-6c4f-1785-9e2a-07fd8be671a4) - Closing
[0m07:32:14.939337 [debug] [Thread-5 (]: SQL status: OK in 0.390 seconds
[0m07:32:14.941896 [debug] [Thread-5 (]: Writing runtime sql for node "snapshot.walmart_project.dim_customers"
[0m07:32:14.970961 [debug] [Thread-5 (]: Using databricks connection "snapshot.walmart_project.dim_customers"
[0m07:32:14.973368 [debug] [Thread-5 (]: On snapshot.walmart_project.dim_customers: /* {"app": "dbt", "dbt_version": "1.12.0", "dbt_databricks_version": "1.12.4", "databricks_sql_connector_version": "4.4.0", "profile_name": "walmart_project", "target_name": "dev", "invocation_id": "4c85d13a-5086-4a4a-bbf3-cb0582f23d74", "node_id": "snapshot.walmart_project.dim_customers"} */

      merge into `walmart`.`gold`.`dim_customers` as DBT_INTERNAL_DEST
        using `dim_customers__dbt_tmp` as DBT_INTERNAL_SOURCE
    on DBT_INTERNAL_SOURCE.`dbt_scd_id` = DBT_INTERNAL_DEST.`dbt_scd_id`
    when matched
        and ( DBT_INTERNAL_DEST.`dbt_valid_to` = to_date('9999-12-31') or
                DBT_INTERNAL_DEST.`dbt_valid_to` is null )
        and DBT_INTERNAL_SOURCE.`dbt_change_type` in ('update', 'delete')
        then update
        set `dbt_valid_to` = DBT_INTERNAL_SOURCE.`dbt_valid_to`

    when not matched
        and DBT_INTERNAL_SOURCE.`dbt_change_type` = 'insert'
        then insert (`customer_id`, `customer_first_name`, `customer_last_name`, `customer_email`, `customer_phone`, `customer_city`, `customer_province`, `customer_country`, `customer_created_timestamp`, `customer_updated_timestamp`, `customer_is_active`, `customer_processed_at`, `customer_gold_processed_at`, `dbt_updated_at`, `dbt_valid_from`, `dbt_valid_to`, `dbt_scd_id`)
        values (`customer_id`, `customer_first_name`, `customer_last_name`, `customer_email`, `customer_phone`, `customer_city`, `customer_province`, `customer_country`, `customer_created_timestamp`, `customer_updated_timestamp`, `customer_is_active`, `customer_processed_at`, `customer_gold_processed_at`, `dbt_updated_at`, `dbt_valid_from`, `dbt_valid_to`, `dbt_scd_id`)
    ;

  
[0m07:32:14.975600 [debug] [Thread-5 (]: Databricks adapter: Cursor(session-id=01f1a1e9-68f7-10d3-a79e-a9ec8cca7a94, command-id=01f1a1e9-6cf2-1eff-8d03-8ba2878295ac) - Closing
[0m07:32:18.742106 [debug] [Thread-5 (]: SQL status: OK in 3.770 seconds
[0m07:32:18.744123 [debug] [Thread-5 (]: Databricks adapter: Cursor(session-id=01f1a1e9-68f7-10d3-a79e-a9ec8cca7a94, command-id=01f1a1e9-6d3a-13a0-bf36-a3bfb5f5e61c) - Closing
[0m07:32:18.772147 [debug] [Thread-5 (]: Applying DROP to: `dim_customers__dbt_tmp`
[0m07:32:18.778859 [debug] [Thread-5 (]: Using databricks connection "snapshot.walmart_project.dim_customers"
[0m07:32:18.780481 [debug] [Thread-5 (]: On snapshot.walmart_project.dim_customers: /* {"app": "dbt", "dbt_version": "1.12.0", "dbt_databricks_version": "1.12.4", "databricks_sql_connector_version": "4.4.0", "profile_name": "walmart_project", "target_name": "dev", "invocation_id": "4c85d13a-5086-4a4a-bbf3-cb0582f23d74", "node_id": "snapshot.walmart_project.dim_customers"} */
DROP VIEW IF EXISTS `dim_customers__dbt_tmp`
[0m07:32:19.240260 [debug] [Thread-5 (]: SQL status: OK in 0.460 seconds
[0m07:32:19.242904 [debug] [Thread-5 (]: Databricks adapter: Cursor(session-id=01f1a1e9-68f7-10d3-a79e-a9ec8cca7a94, command-id=01f1a1e9-6f7c-1317-b478-2b305d989073) - Closing
[0m07:32:19.263415 [debug] [Thread-5 (]: On snapshot.walmart_project.dim_customers: Close
[0m07:32:19.265035 [debug] [Thread-5 (]: Databricks adapter: Connection(session-id=01f1a1e9-68f7-10d3-a79e-a9ec8cca7a94) - Closing
[0m07:32:19.661827 [debug] [Thread-5 (]: Sending event: {'category': 'dbt', 'action': 'run_model', 'label': '4c85d13a-5086-4a4a-bbf3-cb0582f23d74', 'context': [<snowplow_tracker.self_describing_json.SelfDescribingJson object at 0x7b34afaedc10>]}
[0m07:32:19.665546 [info ] [Thread-5 (]: 1 of 5 OK snapshotted gold.dim_customers ....................................... [[32mOK[0m in 13.39s]
[0m07:32:19.668253 [debug] [Thread-5 (]: Finished running node snapshot.walmart_project.dim_customers
[0m07:32:19.670740 [debug] [Thread-5 (]: Began running node snapshot.walmart_project.dim_employees
[0m07:32:19.673588 [info ] [Thread-5 (]: 2 of 5 START snapshot gold.dim_employees ....................................... [RUN]
[0m07:32:19.675935 [debug] [Thread-5 (]: Databricks adapter: DatabricksDBTConnection(session-id=None, name=snapshot.walmart_project.dim_employees) - Creating connection
[0m07:32:19.677716 [debug] [Thread-5 (]: Acquiring new databricks connection 'snapshot.walmart_project.dim_employees'
[0m07:32:19.679373 [debug] [Thread-5 (]: Began compiling node snapshot.walmart_project.dim_employees
[0m07:32:19.685011 [debug] [Thread-5 (]: Writing injected SQL for node "snapshot.walmart_project.dim_employees"
[0m07:32:19.698077 [debug] [Thread-5 (]: Writing injected SQL for node "snapshot.walmart_project.dim_employees"
[0m07:32:19.716047 [debug] [Thread-5 (]: Began executing node snapshot.walmart_project.dim_employees
[0m07:32:19.721613 [debug] [Thread-5 (]: Using databricks connection "snapshot.walmart_project.dim_employees"
[0m07:32:19.723542 [debug] [Thread-5 (]: On snapshot.walmart_project.dim_employees: /* {"app": "dbt", "dbt_version": "1.12.0", "dbt_databricks_version": "1.12.4", "databricks_sql_connector_version": "4.4.0", "profile_name": "walmart_project", "target_name": "dev", "invocation_id": "4c85d13a-5086-4a4a-bbf3-cb0582f23d74", "node_id": "snapshot.walmart_project.dim_employees"} */

    
  DESCRIBE TABLE EXTENDED `walmart`.`gold`.`dim_employees` AS JSON

  
[0m07:32:19.725251 [debug] [Thread-5 (]: Opening a new connection, currently in state init
[0m07:32:21.243576 [debug] [Thread-5 (]: Databricks adapter: Connection(session-id=01f1a1e9-70b5-1d42-a319-b44a11dc3ec9) - Created
[0m07:32:22.415264 [debug] [Thread-5 (]: SQL status: OK in 2.690 seconds
[0m07:32:22.419472 [debug] [Thread-5 (]: Databricks adapter: Cursor(session-id=01f1a1e9-70b5-1d42-a319-b44a11dc3ec9, command-id=01f1a1e9-70f2-13a2-9ae7-74c542e841e3) - Closing
[0m07:32:22.425440 [debug] [Thread-5 (]: Using databricks connection "snapshot.walmart_project.dim_employees"
[0m07:32:22.427438 [debug] [Thread-5 (]: On snapshot.walmart_project.dim_employees: /* {"app": "dbt", "dbt_version": "1.12.0", "dbt_databricks_version": "1.12.4", "databricks_sql_connector_version": "4.4.0", "profile_name": "walmart_project", "target_name": "dev", "invocation_id": "4c85d13a-5086-4a4a-bbf3-cb0582f23d74", "node_id": "snapshot.walmart_project.dim_employees"} */

        
  
    create or replace temporary view `dim_employees__dbt_tmp` as
      
    
    with snapshot_query as (

        with __dbt__cte__eph_employees as (
select 
    distinct
    employee_id,
    employee_first_name,
    employee_last_name,
    employee_email,
    salary,
    job_title,
    store_id,
    employee_created_timestamp,
    employee_updated_timestamp,
    employee_is_active,
    employee_processed_at,
    current_timestamp() AS employee_gold_processed_at

FROM 
    `walmart`.`silver_b`.`obt_b`
) select * from __dbt__cte__eph_employees

    ),

    snapshotted_data as (

        select *, 
    
        employee_id as dbt_unique_key
    

        from `walmart`.`gold`.`dim_employees`
        where
            
                
                

                
                ( (dbt_valid_to = to_date('9999-12-31'))
 or dbt_valid_to is null )
            

    ),

    insertions_source_data as (

        select *, 
    
        employee_id as dbt_unique_key
    
,
            employee_updated_timestamp as dbt_updated_at,
            employee_updated_timestamp as dbt_valid_from,
            
  
  coalesce(nullif(employee_updated_timestamp, employee_updated_timestamp), to_date('9999-12-31'))
  as dbt_valid_to
,
            md5(coalesce(cast(employee_id as string ), '')
         || '|' || coalesce(cast(employee_updated_timestamp as string ), '')
        ) as dbt_scd_id

        from snapshot_query
    ),

    updates_source_data as (

        select *, 
    
        employee_id as dbt_unique_key
    
,
            employee_updated_timestamp as dbt_updated_at,
            employee_updated_timestamp as dbt_valid_from,
            employee_updated_timestamp as dbt_valid_to

        from snapshot_query
    ),

    insertions as (

        select
            'insert' as dbt_change_type,
            source_data.*

        from insertions_source_data as source_data
        left outer join snapshotted_data
            on 
    
        snapshotted_data.dbt_unique_key = source_data.dbt_unique_key
    

            where 
    
        snapshotted_data.dbt_unique_key is null
    

            or (
    
        snapshotted_data.dbt_unique_key is not null
    
 and (
                (snapshotted_data.dbt_valid_from < source_data.employee_updated_timestamp)
            )

        )

    ),

    updates as (

        select
            'update' as dbt_change_type,
            source_data.*,
            snapshotted_data.dbt_scd_id

        from updates_source_data as source_data
        join snapshotted_data
            on 
    
        snapshotted_data.dbt_unique_key = source_data.dbt_unique_key
    

        where (
            (snapshotted_data.dbt_valid_from < source_data.employee_updated_timestamp)
        )
    )

    select * from insertions
    union all
    select * from updates

  
    
[0m07:32:23.130822 [debug] [Thread-5 (]: SQL status: OK in 0.700 seconds
[0m07:32:23.133464 [debug] [Thread-5 (]: Databricks adapter: Cursor(session-id=01f1a1e9-70b5-1d42-a319-b44a11dc3ec9, command-id=01f1a1e9-71a2-17b9-b684-408d25fdb8ba) - Closing
[0m07:32:23.136364 [debug] [Thread-5 (]: Using databricks connection "snapshot.walmart_project.dim_employees"
[0m07:32:23.138180 [debug] [Thread-5 (]: On snapshot.walmart_project.dim_employees: /* {"app": "dbt", "dbt_version": "1.12.0", "dbt_databricks_version": "1.12.4", "databricks_sql_connector_version": "4.4.0", "profile_name": "walmart_project", "target_name": "dev", "invocation_id": "4c85d13a-5086-4a4a-bbf3-cb0582f23d74", "node_id": "snapshot.walmart_project.dim_employees"} */

    
  DESCRIBE TABLE EXTENDED `dim_employees__dbt_tmp` AS JSON

  
[0m07:32:23.542190 [debug] [Thread-5 (]: SQL status: OK in 0.400 seconds
[0m07:32:23.545921 [debug] [Thread-5 (]: Databricks adapter: Cursor(session-id=01f1a1e9-70b5-1d42-a319-b44a11dc3ec9, command-id=01f1a1e9-720e-1fa9-9ff7-fd85fa81c649) - Closing
[0m07:32:23.549087 [debug] [Thread-5 (]: Using databricks connection "snapshot.walmart_project.dim_employees"
[0m07:32:23.550669 [debug] [Thread-5 (]: On snapshot.walmart_project.dim_employees: /* {"app": "dbt", "dbt_version": "1.12.0", "dbt_databricks_version": "1.12.4", "databricks_sql_connector_version": "4.4.0", "profile_name": "walmart_project", "target_name": "dev", "invocation_id": "4c85d13a-5086-4a4a-bbf3-cb0582f23d74", "node_id": "snapshot.walmart_project.dim_employees"} */

    
  DESCRIBE TABLE EXTENDED `walmart`.`gold`.`dim_employees` AS JSON

  
[0m07:32:24.159009 [debug] [Thread-5 (]: SQL status: OK in 0.610 seconds
[0m07:32:24.162625 [debug] [Thread-5 (]: Databricks adapter: Cursor(session-id=01f1a1e9-70b5-1d42-a319-b44a11dc3ec9, command-id=01f1a1e9-724e-108d-bce4-7c01bbf8d388) - Closing
[0m07:32:24.165512 [debug] [Thread-5 (]: Using databricks connection "snapshot.walmart_project.dim_employees"
[0m07:32:24.167281 [debug] [Thread-5 (]: On snapshot.walmart_project.dim_employees: /* {"app": "dbt", "dbt_version": "1.12.0", "dbt_databricks_version": "1.12.4", "databricks_sql_connector_version": "4.4.0", "profile_name": "walmart_project", "target_name": "dev", "invocation_id": "4c85d13a-5086-4a4a-bbf3-cb0582f23d74", "node_id": "snapshot.walmart_project.dim_employees"} */

    
  DESCRIBE TABLE EXTENDED `dim_employees__dbt_tmp` AS JSON

  
[0m07:32:24.595998 [debug] [Thread-5 (]: SQL status: OK in 0.430 seconds
[0m07:32:24.599710 [debug] [Thread-5 (]: Databricks adapter: Cursor(session-id=01f1a1e9-70b5-1d42-a319-b44a11dc3ec9, command-id=01f1a1e9-72ac-1e8e-a943-bc0a84ac8c6c) - Closing
[0m07:32:24.603310 [debug] [Thread-5 (]: Using databricks connection "snapshot.walmart_project.dim_employees"
[0m07:32:24.605374 [debug] [Thread-5 (]: On snapshot.walmart_project.dim_employees: /* {"app": "dbt", "dbt_version": "1.12.0", "dbt_databricks_version": "1.12.4", "databricks_sql_connector_version": "4.4.0", "profile_name": "walmart_project", "target_name": "dev", "invocation_id": "4c85d13a-5086-4a4a-bbf3-cb0582f23d74", "node_id": "snapshot.walmart_project.dim_employees"} */

    
  DESCRIBE TABLE EXTENDED `walmart`.`gold`.`dim_employees` AS JSON

  
[0m07:32:25.287996 [debug] [Thread-5 (]: SQL status: OK in 0.680 seconds
[0m07:32:25.295226 [debug] [Thread-5 (]: Databricks adapter: Cursor(session-id=01f1a1e9-70b5-1d42-a319-b44a11dc3ec9, command-id=01f1a1e9-72f5-1aac-a8fa-1f0b4d33b073) - Closing
[0m07:32:25.301061 [debug] [Thread-5 (]: Using databricks connection "snapshot.walmart_project.dim_employees"
[0m07:32:25.303661 [debug] [Thread-5 (]: On snapshot.walmart_project.dim_employees: /* {"app": "dbt", "dbt_version": "1.12.0", "dbt_databricks_version": "1.12.4", "databricks_sql_connector_version": "4.4.0", "profile_name": "walmart_project", "target_name": "dev", "invocation_id": "4c85d13a-5086-4a4a-bbf3-cb0582f23d74", "node_id": "snapshot.walmart_project.dim_employees"} */

    
  DESCRIBE TABLE EXTENDED `dim_employees__dbt_tmp` AS JSON

  
[0m07:32:25.694504 [debug] [Thread-5 (]: SQL status: OK in 0.390 seconds
[0m07:32:25.699010 [debug] [Thread-5 (]: Databricks adapter: Cursor(session-id=01f1a1e9-70b5-1d42-a319-b44a11dc3ec9, command-id=01f1a1e9-735a-10c6-8de7-58794587de35) - Closing
[0m07:32:25.707846 [debug] [Thread-5 (]: Using databricks connection "snapshot.walmart_project.dim_employees"
[0m07:32:25.710114 [debug] [Thread-5 (]: On snapshot.walmart_project.dim_employees: /* {"app": "dbt", "dbt_version": "1.12.0", "dbt_databricks_version": "1.12.4", "databricks_sql_connector_version": "4.4.0", "profile_name": "walmart_project", "target_name": "dev", "invocation_id": "4c85d13a-5086-4a4a-bbf3-cb0582f23d74", "node_id": "snapshot.walmart_project.dim_employees"} */
select * from (
        
    
    with snapshot_query as (

        with __dbt__cte__eph_employees as (
select 
    distinct
    employee_id,
    employee_first_name,
    employee_last_name,
    employee_email,
    salary,
    job_title,
    store_id,
    employee_created_timestamp,
    employee_updated_timestamp,
    employee_is_active,
    employee_processed_at,
    current_timestamp() AS employee_gold_processed_at

FROM 
    `walmart`.`silver_b`.`obt_b`
) select * from __dbt__cte__eph_employees

    ),

    snapshotted_data as (

        select *, 
    
        employee_id as dbt_unique_key
    

        from `walmart`.`gold`.`dim_employees`
        where
            
                
                

                
                ( (dbt_valid_to = to_date('9999-12-31'))
 or dbt_valid_to is null )
            

    ),

    insertions_source_data as (

        select *, 
    
        employee_id as dbt_unique_key
    
,
            employee_updated_timestamp as dbt_updated_at,
            employee_updated_timestamp as dbt_valid_from,
            
  
  coalesce(nullif(employee_updated_timestamp, employee_updated_timestamp), to_date('9999-12-31'))
  as dbt_valid_to
,
            md5(coalesce(cast(employee_id as string ), '')
         || '|' || coalesce(cast(employee_updated_timestamp as string ), '')
        ) as dbt_scd_id

        from snapshot_query
    ),

    updates_source_data as (

        select *, 
    
        employee_id as dbt_unique_key
    
,
            employee_updated_timestamp as dbt_updated_at,
            employee_updated_timestamp as dbt_valid_from,
            employee_updated_timestamp as dbt_valid_to

        from snapshot_query
    ),

    insertions as (

        select
            'insert' as dbt_change_type,
            source_data.*

        from insertions_source_data as source_data
        left outer join snapshotted_data
            on 
    
        snapshotted_data.dbt_unique_key = source_data.dbt_unique_key
    

            where 
    
        snapshotted_data.dbt_unique_key is null
    

            or (
    
        snapshotted_data.dbt_unique_key is not null
    
 and (
                (snapshotted_data.dbt_valid_from < source_data.employee_updated_timestamp)
            )

        )

    ),

    updates as (

        select
            'update' as dbt_change_type,
            source_data.*,
            snapshotted_data.dbt_scd_id

        from updates_source_data as source_data
        join snapshotted_data
            on 
    
        snapshotted_data.dbt_unique_key = source_data.dbt_unique_key
    

        where (
            (snapshotted_data.dbt_valid_from < source_data.employee_updated_timestamp)
        )
    )

    select * from insertions
    union all
    select * from updates

    ) as __dbt_sbq
    where false
    limit 0

[0m07:32:26.516039 [debug] [Thread-5 (]: SQL status: OK in 0.800 seconds
[0m07:32:26.518888 [debug] [Thread-5 (]: Using databricks connection "snapshot.walmart_project.dim_employees"
[0m07:32:26.520625 [debug] [Thread-5 (]: On snapshot.walmart_project.dim_employees: /* {"app": "dbt", "dbt_version": "1.12.0", "dbt_databricks_version": "1.12.4", "databricks_sql_connector_version": "4.4.0", "profile_name": "walmart_project", "target_name": "dev", "invocation_id": "4c85d13a-5086-4a4a-bbf3-cb0582f23d74", "node_id": "snapshot.walmart_project.dim_employees"} */
select * from (
        select 
    current_timestamp()
 as dbt_snapshot_time
    ) as __dbt_sbq
    where false
    limit 0

[0m07:32:26.522618 [debug] [Thread-5 (]: Databricks adapter: Cursor(session-id=01f1a1e9-70b5-1d42-a319-b44a11dc3ec9, command-id=01f1a1e9-7397-1eba-b196-5b58f6c8b2fe) - Closing
[0m07:32:26.927311 [debug] [Thread-5 (]: SQL status: OK in 0.400 seconds
[0m07:32:26.929195 [debug] [Thread-5 (]: Writing runtime sql for node "snapshot.walmart_project.dim_employees"
[0m07:32:26.951734 [debug] [Thread-5 (]: Using databricks connection "snapshot.walmart_project.dim_employees"
[0m07:32:26.953805 [debug] [Thread-5 (]: On snapshot.walmart_project.dim_employees: /* {"app": "dbt", "dbt_version": "1.12.0", "dbt_databricks_version": "1.12.4", "databricks_sql_connector_version": "4.4.0", "profile_name": "walmart_project", "target_name": "dev", "invocation_id": "4c85d13a-5086-4a4a-bbf3-cb0582f23d74", "node_id": "snapshot.walmart_project.dim_employees"} */

      merge into `walmart`.`gold`.`dim_employees` as DBT_INTERNAL_DEST
        using `dim_employees__dbt_tmp` as DBT_INTERNAL_SOURCE
    on DBT_INTERNAL_SOURCE.`dbt_scd_id` = DBT_INTERNAL_DEST.`dbt_scd_id`
    when matched
        and ( DBT_INTERNAL_DEST.`dbt_valid_to` = to_date('9999-12-31') or
                DBT_INTERNAL_DEST.`dbt_valid_to` is null )
        and DBT_INTERNAL_SOURCE.`dbt_change_type` in ('update', 'delete')
        then update
        set `dbt_valid_to` = DBT_INTERNAL_SOURCE.`dbt_valid_to`

    when not matched
        and DBT_INTERNAL_SOURCE.`dbt_change_type` = 'insert'
        then insert (`employee_id`, `employee_first_name`, `employee_last_name`, `employee_email`, `salary`, `job_title`, `store_id`, `employee_created_timestamp`, `employee_updated_timestamp`, `employee_is_active`, `employee_processed_at`, `employee_gold_processed_at`, `dbt_updated_at`, `dbt_valid_from`, `dbt_valid_to`, `dbt_scd_id`)
        values (`employee_id`, `employee_first_name`, `employee_last_name`, `employee_email`, `salary`, `job_title`, `store_id`, `employee_created_timestamp`, `employee_updated_timestamp`, `employee_is_active`, `employee_processed_at`, `employee_gold_processed_at`, `dbt_updated_at`, `dbt_valid_from`, `dbt_valid_to`, `dbt_scd_id`)
    ;

  
[0m07:32:26.956095 [debug] [Thread-5 (]: Databricks adapter: Cursor(session-id=01f1a1e9-70b5-1d42-a319-b44a11dc3ec9, command-id=01f1a1e9-7413-1808-9349-267645d6e0ed) - Closing
[0m07:32:30.388959 [debug] [Thread-5 (]: SQL status: OK in 3.430 seconds
[0m07:32:30.391439 [debug] [Thread-5 (]: Databricks adapter: Cursor(session-id=01f1a1e9-70b5-1d42-a319-b44a11dc3ec9, command-id=01f1a1e9-745c-1fa2-a293-e7789afa1773) - Closing
[0m07:32:30.396518 [debug] [Thread-5 (]: Applying DROP to: `dim_employees__dbt_tmp`
[0m07:32:30.398515 [debug] [Thread-5 (]: Using databricks connection "snapshot.walmart_project.dim_employees"
[0m07:32:30.400177 [debug] [Thread-5 (]: On snapshot.walmart_project.dim_employees: /* {"app": "dbt", "dbt_version": "1.12.0", "dbt_databricks_version": "1.12.4", "databricks_sql_connector_version": "4.4.0", "profile_name": "walmart_project", "target_name": "dev", "invocation_id": "4c85d13a-5086-4a4a-bbf3-cb0582f23d74", "node_id": "snapshot.walmart_project.dim_employees"} */
DROP VIEW IF EXISTS `dim_employees__dbt_tmp`
[0m07:32:30.830269 [debug] [Thread-5 (]: SQL status: OK in 0.430 seconds
[0m07:32:30.832741 [debug] [Thread-5 (]: Databricks adapter: Cursor(session-id=01f1a1e9-70b5-1d42-a319-b44a11dc3ec9, command-id=01f1a1e9-7664-1936-aad6-af8519521b47) - Closing
[0m07:32:30.836539 [debug] [Thread-5 (]: On snapshot.walmart_project.dim_employees: Close
[0m07:32:30.838198 [debug] [Thread-5 (]: Databricks adapter: Connection(session-id=01f1a1e9-70b5-1d42-a319-b44a11dc3ec9) - Closing
[0m07:32:31.209225 [debug] [Thread-5 (]: Sending event: {'category': 'dbt', 'action': 'run_model', 'label': '4c85d13a-5086-4a4a-bbf3-cb0582f23d74', 'context': [<snowplow_tracker.self_describing_json.SelfDescribingJson object at 0x7b34af7b1bd0>]}
[0m07:32:31.211489 [info ] [Thread-5 (]: 2 of 5 OK snapshotted gold.dim_employees ....................................... [[32mOK[0m in 11.53s]
[0m07:32:31.213379 [debug] [Thread-5 (]: Finished running node snapshot.walmart_project.dim_employees
[0m07:32:31.215014 [debug] [Thread-5 (]: Began running node snapshot.walmart_project.dim_orders
[0m07:32:31.216841 [info ] [Thread-5 (]: 3 of 5 START snapshot gold.dim_orders .......................................... [RUN]
[0m07:32:31.219404 [debug] [Thread-5 (]: Databricks adapter: DatabricksDBTConnection(session-id=None, name=snapshot.walmart_project.dim_orders) - Creating connection
[0m07:32:31.220993 [debug] [Thread-5 (]: Acquiring new databricks connection 'snapshot.walmart_project.dim_orders'
[0m07:32:31.222475 [debug] [Thread-5 (]: Began compiling node snapshot.walmart_project.dim_orders
[0m07:32:31.229790 [debug] [Thread-5 (]: Writing injected SQL for node "snapshot.walmart_project.dim_orders"
[0m07:32:31.245755 [debug] [Thread-5 (]: Writing injected SQL for node "snapshot.walmart_project.dim_orders"
[0m07:32:31.268309 [debug] [Thread-5 (]: Began executing node snapshot.walmart_project.dim_orders
[0m07:32:31.274643 [debug] [Thread-5 (]: Using databricks connection "snapshot.walmart_project.dim_orders"
[0m07:32:31.276461 [debug] [Thread-5 (]: On snapshot.walmart_project.dim_orders: /* {"app": "dbt", "dbt_version": "1.12.0", "dbt_databricks_version": "1.12.4", "databricks_sql_connector_version": "4.4.0", "profile_name": "walmart_project", "target_name": "dev", "invocation_id": "4c85d13a-5086-4a4a-bbf3-cb0582f23d74", "node_id": "snapshot.walmart_project.dim_orders"} */

    
  DESCRIBE TABLE EXTENDED `walmart`.`gold`.`dim_orders` AS JSON

  
[0m07:32:31.278404 [debug] [Thread-5 (]: Opening a new connection, currently in state init
[0m07:32:32.728012 [debug] [Thread-5 (]: Databricks adapter: Connection(session-id=01f1a1e9-778b-17ef-839e-0e24e765f264) - Created
[0m07:32:33.910225 [debug] [Thread-5 (]: SQL status: OK in 2.630 seconds
[0m07:32:33.914766 [debug] [Thread-5 (]: Databricks adapter: Cursor(session-id=01f1a1e9-778b-17ef-839e-0e24e765f264, command-id=01f1a1e9-77c8-1aff-a914-ea76e5980b3f) - Closing
[0m07:32:33.920496 [debug] [Thread-5 (]: Using databricks connection "snapshot.walmart_project.dim_orders"
[0m07:32:33.922308 [debug] [Thread-5 (]: On snapshot.walmart_project.dim_orders: /* {"app": "dbt", "dbt_version": "1.12.0", "dbt_databricks_version": "1.12.4", "databricks_sql_connector_version": "4.4.0", "profile_name": "walmart_project", "target_name": "dev", "invocation_id": "4c85d13a-5086-4a4a-bbf3-cb0582f23d74", "node_id": "snapshot.walmart_project.dim_orders"} */

        
  
    create or replace temporary view `dim_orders__dbt_tmp` as
      
    
    with snapshot_query as (

        with __dbt__cte__eph_orders as (
SELECT 
    DISTINCT
    order_id,
    order_item_id,
    payment_method,
    order_status,
    order_timestamp,
    order_created_timestamp,
    order_updated_timestamp,
    order_is_active,
    order_processed_at,
    obt_b_processed_at,
    CURRENT_TIMESTAMP() AS order_gold_processed_at
FROM 
    `walmart`.`silver_b`.`obt_b`
) select * from __dbt__cte__eph_orders

    ),

    snapshotted_data as (

        select *, 
    
        order_id as dbt_unique_key
    

        from `walmart`.`gold`.`dim_orders`
        where
            
                
                

                
                ( (dbt_valid_to = to_date('9999-12-31'))
 or dbt_valid_to is null )
            

    ),

    insertions_source_data as (

        select *, 
    
        order_id as dbt_unique_key
    
,
            order_updated_timestamp as dbt_updated_at,
            order_updated_timestamp as dbt_valid_from,
            
  
  coalesce(nullif(order_updated_timestamp, order_updated_timestamp), to_date('9999-12-31'))
  as dbt_valid_to
,
            md5(coalesce(cast(order_id as string ), '')
         || '|' || coalesce(cast(order_updated_timestamp as string ), '')
        ) as dbt_scd_id

        from snapshot_query
    ),

    updates_source_data as (

        select *, 
    
        order_id as dbt_unique_key
    
,
            order_updated_timestamp as dbt_updated_at,
            order_updated_timestamp as dbt_valid_from,
            order_updated_timestamp as dbt_valid_to

        from snapshot_query
    ),

    insertions as (

        select
            'insert' as dbt_change_type,
            source_data.*

        from insertions_source_data as source_data
        left outer join snapshotted_data
            on 
    
        snapshotted_data.dbt_unique_key = source_data.dbt_unique_key
    

            where 
    
        snapshotted_data.dbt_unique_key is null
    

            or (
    
        snapshotted_data.dbt_unique_key is not null
    
 and (
                (snapshotted_data.dbt_valid_from < source_data.order_updated_timestamp)
            )

        )

    ),

    updates as (

        select
            'update' as dbt_change_type,
            source_data.*,
            snapshotted_data.dbt_scd_id

        from updates_source_data as source_data
        join snapshotted_data
            on 
    
        snapshotted_data.dbt_unique_key = source_data.dbt_unique_key
    

        where (
            (snapshotted_data.dbt_valid_from < source_data.order_updated_timestamp)
        )
    )

    select * from insertions
    union all
    select * from updates

  
    
[0m07:32:34.736635 [debug] [Thread-5 (]: SQL status: OK in 0.810 seconds
[0m07:32:34.738768 [debug] [Thread-5 (]: Databricks adapter: Cursor(session-id=01f1a1e9-778b-17ef-839e-0e24e765f264, command-id=01f1a1e9-7884-10c0-ae86-86f631ed2a31) - Closing
[0m07:32:34.741231 [debug] [Thread-5 (]: Using databricks connection "snapshot.walmart_project.dim_orders"
[0m07:32:34.742662 [debug] [Thread-5 (]: On snapshot.walmart_project.dim_orders: /* {"app": "dbt", "dbt_version": "1.12.0", "dbt_databricks_version": "1.12.4", "databricks_sql_connector_version": "4.4.0", "profile_name": "walmart_project", "target_name": "dev", "invocation_id": "4c85d13a-5086-4a4a-bbf3-cb0582f23d74", "node_id": "snapshot.walmart_project.dim_orders"} */

    
  DESCRIBE TABLE EXTENDED `dim_orders__dbt_tmp` AS JSON

  
[0m07:32:35.203525 [debug] [Thread-5 (]: SQL status: OK in 0.460 seconds
[0m07:32:35.209685 [debug] [Thread-5 (]: Databricks adapter: Cursor(session-id=01f1a1e9-778b-17ef-839e-0e24e765f264, command-id=01f1a1e9-7901-1831-bb93-82dc0aecdd48) - Closing
[0m07:32:35.213734 [debug] [Thread-5 (]: Using databricks connection "snapshot.walmart_project.dim_orders"
[0m07:32:35.215865 [debug] [Thread-5 (]: On snapshot.walmart_project.dim_orders: /* {"app": "dbt", "dbt_version": "1.12.0", "dbt_databricks_version": "1.12.4", "databricks_sql_connector_version": "4.4.0", "profile_name": "walmart_project", "target_name": "dev", "invocation_id": "4c85d13a-5086-4a4a-bbf3-cb0582f23d74", "node_id": "snapshot.walmart_project.dim_orders"} */

    
  DESCRIBE TABLE EXTENDED `walmart`.`gold`.`dim_orders` AS JSON

  
[0m07:32:35.815918 [debug] [Thread-5 (]: SQL status: OK in 0.600 seconds
[0m07:32:35.819281 [debug] [Thread-5 (]: Databricks adapter: Cursor(session-id=01f1a1e9-778b-17ef-839e-0e24e765f264, command-id=01f1a1e9-7943-1300-8956-a7de2c481d51) - Closing
[0m07:32:35.822227 [debug] [Thread-5 (]: Using databricks connection "snapshot.walmart_project.dim_orders"
[0m07:32:35.823726 [debug] [Thread-5 (]: On snapshot.walmart_project.dim_orders: /* {"app": "dbt", "dbt_version": "1.12.0", "dbt_databricks_version": "1.12.4", "databricks_sql_connector_version": "4.4.0", "profile_name": "walmart_project", "target_name": "dev", "invocation_id": "4c85d13a-5086-4a4a-bbf3-cb0582f23d74", "node_id": "snapshot.walmart_project.dim_orders"} */

    
  DESCRIBE TABLE EXTENDED `dim_orders__dbt_tmp` AS JSON

  
[0m07:32:36.268209 [debug] [Thread-5 (]: SQL status: OK in 0.440 seconds
[0m07:32:36.275228 [debug] [Thread-5 (]: Databricks adapter: Cursor(session-id=01f1a1e9-778b-17ef-839e-0e24e765f264, command-id=01f1a1e9-799f-1e7e-b86e-43755fbc185b) - Closing
[0m07:32:36.279557 [debug] [Thread-5 (]: Using databricks connection "snapshot.walmart_project.dim_orders"
[0m07:32:36.281767 [debug] [Thread-5 (]: On snapshot.walmart_project.dim_orders: /* {"app": "dbt", "dbt_version": "1.12.0", "dbt_databricks_version": "1.12.4", "databricks_sql_connector_version": "4.4.0", "profile_name": "walmart_project", "target_name": "dev", "invocation_id": "4c85d13a-5086-4a4a-bbf3-cb0582f23d74", "node_id": "snapshot.walmart_project.dim_orders"} */

    
  DESCRIBE TABLE EXTENDED `walmart`.`gold`.`dim_orders` AS JSON

  
[0m07:32:36.947151 [debug] [Thread-5 (]: SQL status: OK in 0.660 seconds
[0m07:32:36.955096 [debug] [Thread-5 (]: Databricks adapter: Cursor(session-id=01f1a1e9-778b-17ef-839e-0e24e765f264, command-id=01f1a1e9-79eb-18e0-a7d6-3e455881c7c9) - Closing
[0m07:32:36.961780 [debug] [Thread-5 (]: Using databricks connection "snapshot.walmart_project.dim_orders"
[0m07:32:36.964125 [debug] [Thread-5 (]: On snapshot.walmart_project.dim_orders: /* {"app": "dbt", "dbt_version": "1.12.0", "dbt_databricks_version": "1.12.4", "databricks_sql_connector_version": "4.4.0", "profile_name": "walmart_project", "target_name": "dev", "invocation_id": "4c85d13a-5086-4a4a-bbf3-cb0582f23d74", "node_id": "snapshot.walmart_project.dim_orders"} */

    
  DESCRIBE TABLE EXTENDED `dim_orders__dbt_tmp` AS JSON

  
[0m07:32:37.368030 [debug] [Thread-5 (]: SQL status: OK in 0.400 seconds
[0m07:32:37.374673 [debug] [Thread-5 (]: Databricks adapter: Cursor(session-id=01f1a1e9-778b-17ef-839e-0e24e765f264, command-id=01f1a1e9-7a4d-1a3f-a19e-99cf7cdb2c50) - Closing
[0m07:32:37.378918 [debug] [Thread-5 (]: Using databricks connection "snapshot.walmart_project.dim_orders"
[0m07:32:37.381481 [debug] [Thread-5 (]: On snapshot.walmart_project.dim_orders: /* {"app": "dbt", "dbt_version": "1.12.0", "dbt_databricks_version": "1.12.4", "databricks_sql_connector_version": "4.4.0", "profile_name": "walmart_project", "target_name": "dev", "invocation_id": "4c85d13a-5086-4a4a-bbf3-cb0582f23d74", "node_id": "snapshot.walmart_project.dim_orders"} */
select * from (
        
    
    with snapshot_query as (

        with __dbt__cte__eph_orders as (
SELECT 
    DISTINCT
    order_id,
    order_item_id,
    payment_method,
    order_status,
    order_timestamp,
    order_created_timestamp,
    order_updated_timestamp,
    order_is_active,
    order_processed_at,
    obt_b_processed_at,
    CURRENT_TIMESTAMP() AS order_gold_processed_at
FROM 
    `walmart`.`silver_b`.`obt_b`
) select * from __dbt__cte__eph_orders

    ),

    snapshotted_data as (

        select *, 
    
        order_id as dbt_unique_key
    

        from `walmart`.`gold`.`dim_orders`
        where
            
                
                

                
                ( (dbt_valid_to = to_date('9999-12-31'))
 or dbt_valid_to is null )
            

    ),

    insertions_source_data as (

        select *, 
    
        order_id as dbt_unique_key
    
,
            order_updated_timestamp as dbt_updated_at,
            order_updated_timestamp as dbt_valid_from,
            
  
  coalesce(nullif(order_updated_timestamp, order_updated_timestamp), to_date('9999-12-31'))
  as dbt_valid_to
,
            md5(coalesce(cast(order_id as string ), '')
         || '|' || coalesce(cast(order_updated_timestamp as string ), '')
        ) as dbt_scd_id

        from snapshot_query
    ),

    updates_source_data as (

        select *, 
    
        order_id as dbt_unique_key
    
,
            order_updated_timestamp as dbt_updated_at,
            order_updated_timestamp as dbt_valid_from,
            order_updated_timestamp as dbt_valid_to

        from snapshot_query
    ),

    insertions as (

        select
            'insert' as dbt_change_type,
            source_data.*

        from insertions_source_data as source_data
        left outer join snapshotted_data
            on 
    
        snapshotted_data.dbt_unique_key = source_data.dbt_unique_key
    

            where 
    
        snapshotted_data.dbt_unique_key is null
    

            or (
    
        snapshotted_data.dbt_unique_key is not null
    
 and (
                (snapshotted_data.dbt_valid_from < source_data.order_updated_timestamp)
            )

        )

    ),

    updates as (

        select
            'update' as dbt_change_type,
            source_data.*,
            snapshotted_data.dbt_scd_id

        from updates_source_data as source_data
        join snapshotted_data
            on 
    
        snapshotted_data.dbt_unique_key = source_data.dbt_unique_key
    

        where (
            (snapshotted_data.dbt_valid_from < source_data.order_updated_timestamp)
        )
    )

    select * from insertions
    union all
    select * from updates

    ) as __dbt_sbq
    where false
    limit 0

[0m07:32:38.198391 [debug] [Thread-5 (]: SQL status: OK in 0.810 seconds
[0m07:32:38.201558 [debug] [Thread-5 (]: Using databricks connection "snapshot.walmart_project.dim_orders"
[0m07:32:38.203482 [debug] [Thread-5 (]: On snapshot.walmart_project.dim_orders: /* {"app": "dbt", "dbt_version": "1.12.0", "dbt_databricks_version": "1.12.4", "databricks_sql_connector_version": "4.4.0", "profile_name": "walmart_project", "target_name": "dev", "invocation_id": "4c85d13a-5086-4a4a-bbf3-cb0582f23d74", "node_id": "snapshot.walmart_project.dim_orders"} */
select * from (
        select 
    current_timestamp()
 as dbt_snapshot_time
    ) as __dbt_sbq
    where false
    limit 0

[0m07:32:38.205290 [debug] [Thread-5 (]: Databricks adapter: Cursor(session-id=01f1a1e9-778b-17ef-839e-0e24e765f264, command-id=01f1a1e9-7a8d-197f-a3f2-6987a329554d) - Closing
[0m07:32:38.625104 [debug] [Thread-5 (]: SQL status: OK in 0.420 seconds
[0m07:32:38.627562 [debug] [Thread-5 (]: Writing runtime sql for node "snapshot.walmart_project.dim_orders"
[0m07:32:38.653506 [debug] [Thread-5 (]: Using databricks connection "snapshot.walmart_project.dim_orders"
[0m07:32:38.655883 [debug] [Thread-5 (]: On snapshot.walmart_project.dim_orders: /* {"app": "dbt", "dbt_version": "1.12.0", "dbt_databricks_version": "1.12.4", "databricks_sql_connector_version": "4.4.0", "profile_name": "walmart_project", "target_name": "dev", "invocation_id": "4c85d13a-5086-4a4a-bbf3-cb0582f23d74", "node_id": "snapshot.walmart_project.dim_orders"} */

      merge into `walmart`.`gold`.`dim_orders` as DBT_INTERNAL_DEST
        using `dim_orders__dbt_tmp` as DBT_INTERNAL_SOURCE
    on DBT_INTERNAL_SOURCE.`dbt_scd_id` = DBT_INTERNAL_DEST.`dbt_scd_id`
    when matched
        and ( DBT_INTERNAL_DEST.`dbt_valid_to` = to_date('9999-12-31') or
                DBT_INTERNAL_DEST.`dbt_valid_to` is null )
        and DBT_INTERNAL_SOURCE.`dbt_change_type` in ('update', 'delete')
        then update
        set `dbt_valid_to` = DBT_INTERNAL_SOURCE.`dbt_valid_to`

    when not matched
        and DBT_INTERNAL_SOURCE.`dbt_change_type` = 'insert'
        then insert (`order_id`, `order_item_id`, `payment_method`, `order_status`, `order_timestamp`, `order_created_timestamp`, `order_updated_timestamp`, `order_is_active`, `order_processed_at`, `obt_b_processed_at`, `order_gold_processed_at`, `dbt_updated_at`, `dbt_valid_from`, `dbt_valid_to`, `dbt_scd_id`)
        values (`order_id`, `order_item_id`, `payment_method`, `order_status`, `order_timestamp`, `order_created_timestamp`, `order_updated_timestamp`, `order_is_active`, `order_processed_at`, `obt_b_processed_at`, `order_gold_processed_at`, `dbt_updated_at`, `dbt_valid_from`, `dbt_valid_to`, `dbt_scd_id`)
    ;

  
[0m07:32:38.658487 [debug] [Thread-5 (]: Databricks adapter: Cursor(session-id=01f1a1e9-778b-17ef-839e-0e24e765f264, command-id=01f1a1e9-7b0b-1c6f-a199-87a3c9ae67f5) - Closing
[0m07:32:42.097715 [debug] [Thread-5 (]: SQL status: OK in 3.440 seconds
[0m07:32:42.101413 [debug] [Thread-5 (]: Databricks adapter: Cursor(session-id=01f1a1e9-778b-17ef-839e-0e24e765f264, command-id=01f1a1e9-7b52-1989-928a-a1674dc2d40d) - Closing
[0m07:32:42.105810 [debug] [Thread-5 (]: Applying DROP to: `dim_orders__dbt_tmp`
[0m07:32:42.107709 [debug] [Thread-5 (]: Using databricks connection "snapshot.walmart_project.dim_orders"
[0m07:32:42.109447 [debug] [Thread-5 (]: On snapshot.walmart_project.dim_orders: /* {"app": "dbt", "dbt_version": "1.12.0", "dbt_databricks_version": "1.12.4", "databricks_sql_connector_version": "4.4.0", "profile_name": "walmart_project", "target_name": "dev", "invocation_id": "4c85d13a-5086-4a4a-bbf3-cb0582f23d74", "node_id": "snapshot.walmart_project.dim_orders"} */
DROP VIEW IF EXISTS `dim_orders__dbt_tmp`
[0m07:32:42.599339 [debug] [Thread-5 (]: SQL status: OK in 0.490 seconds
[0m07:32:42.602520 [debug] [Thread-5 (]: Databricks adapter: Cursor(session-id=01f1a1e9-778b-17ef-839e-0e24e765f264, command-id=01f1a1e9-7d66-141d-9632-39ed6cc8a720) - Closing
[0m07:32:42.607158 [debug] [Thread-5 (]: On snapshot.walmart_project.dim_orders: Close
[0m07:32:42.609188 [debug] [Thread-5 (]: Databricks adapter: Connection(session-id=01f1a1e9-778b-17ef-839e-0e24e765f264) - Closing
[0m07:32:42.997367 [debug] [Thread-5 (]: Sending event: {'category': 'dbt', 'action': 'run_model', 'label': '4c85d13a-5086-4a4a-bbf3-cb0582f23d74', 'context': [<snowplow_tracker.self_describing_json.SelfDescribingJson object at 0x7b34ac61bf70>]}
[0m07:32:43.001169 [info ] [Thread-5 (]: 3 of 5 OK snapshotted gold.dim_orders .......................................... [[32mOK[0m in 11.78s]
[0m07:32:43.004119 [debug] [Thread-5 (]: Finished running node snapshot.walmart_project.dim_orders
[0m07:32:43.006419 [debug] [Thread-5 (]: Began running node snapshot.walmart_project.dim_products
[0m07:32:43.008780 [info ] [Thread-5 (]: 4 of 5 START snapshot gold.dim_products ........................................ [RUN]
[0m07:32:43.011520 [debug] [Thread-5 (]: Databricks adapter: DatabricksDBTConnection(session-id=None, name=snapshot.walmart_project.dim_products) - Creating connection
[0m07:32:43.013507 [debug] [Thread-5 (]: Acquiring new databricks connection 'snapshot.walmart_project.dim_products'
[0m07:32:43.015528 [debug] [Thread-5 (]: Began compiling node snapshot.walmart_project.dim_products
[0m07:32:43.022169 [debug] [Thread-5 (]: Writing injected SQL for node "snapshot.walmart_project.dim_products"
[0m07:32:43.038161 [debug] [Thread-5 (]: Writing injected SQL for node "snapshot.walmart_project.dim_products"
[0m07:32:43.059744 [debug] [Thread-5 (]: Began executing node snapshot.walmart_project.dim_products
[0m07:32:43.066599 [debug] [Thread-5 (]: Using databricks connection "snapshot.walmart_project.dim_products"
[0m07:32:43.068887 [debug] [Thread-5 (]: On snapshot.walmart_project.dim_products: /* {"app": "dbt", "dbt_version": "1.12.0", "dbt_databricks_version": "1.12.4", "databricks_sql_connector_version": "4.4.0", "profile_name": "walmart_project", "target_name": "dev", "invocation_id": "4c85d13a-5086-4a4a-bbf3-cb0582f23d74", "node_id": "snapshot.walmart_project.dim_products"} */

    
  DESCRIBE TABLE EXTENDED `walmart`.`gold`.`dim_products` AS JSON

  
[0m07:32:43.071375 [debug] [Thread-5 (]: Opening a new connection, currently in state init
[0m07:32:44.590628 [debug] [Thread-5 (]: Databricks adapter: Connection(session-id=01f1a1e9-7ea1-18c4-8370-5801217bd1f4) - Created
[0m07:32:45.777263 [debug] [Thread-5 (]: SQL status: OK in 2.710 seconds
[0m07:32:45.780688 [debug] [Thread-5 (]: Databricks adapter: Cursor(session-id=01f1a1e9-7ea1-18c4-8370-5801217bd1f4, command-id=01f1a1e9-7edd-1650-9714-fa06e9dd985a) - Closing
[0m07:32:45.785809 [debug] [Thread-5 (]: Using databricks connection "snapshot.walmart_project.dim_products"
[0m07:32:45.787640 [debug] [Thread-5 (]: On snapshot.walmart_project.dim_products: /* {"app": "dbt", "dbt_version": "1.12.0", "dbt_databricks_version": "1.12.4", "databricks_sql_connector_version": "4.4.0", "profile_name": "walmart_project", "target_name": "dev", "invocation_id": "4c85d13a-5086-4a4a-bbf3-cb0582f23d74", "node_id": "snapshot.walmart_project.dim_products"} */

        
  
    create or replace temporary view `dim_products__dbt_tmp` as
      
    
    with snapshot_query as (

        with __dbt__cte__eph_products as (
select 
    distinct
    product_id,
    product_name,
    category,
    brand,
    price,
    product_created_timestamp,
    product_updated_timestamp,
    product_is_active,
    product_processed_at,
    current_timestamp() AS product_gold_processed_at

FROM 
    `walmart`.`silver_b`.`obt_b`
) select * from __dbt__cte__eph_products

    ),

    snapshotted_data as (

        select *, 
    
        product_id as dbt_unique_key
    

        from `walmart`.`gold`.`dim_products`
        where
            
                
                

                
                ( (dbt_valid_to = to_date('9999-12-31'))
 or dbt_valid_to is null )
            

    ),

    insertions_source_data as (

        select *, 
    
        product_id as dbt_unique_key
    
,
            product_updated_timestamp as dbt_updated_at,
            product_updated_timestamp as dbt_valid_from,
            
  
  coalesce(nullif(product_updated_timestamp, product_updated_timestamp), to_date('9999-12-31'))
  as dbt_valid_to
,
            md5(coalesce(cast(product_id as string ), '')
         || '|' || coalesce(cast(product_updated_timestamp as string ), '')
        ) as dbt_scd_id

        from snapshot_query
    ),

    updates_source_data as (

        select *, 
    
        product_id as dbt_unique_key
    
,
            product_updated_timestamp as dbt_updated_at,
            product_updated_timestamp as dbt_valid_from,
            product_updated_timestamp as dbt_valid_to

        from snapshot_query
    ),

    insertions as (

        select
            'insert' as dbt_change_type,
            source_data.*

        from insertions_source_data as source_data
        left outer join snapshotted_data
            on 
    
        snapshotted_data.dbt_unique_key = source_data.dbt_unique_key
    

            where 
    
        snapshotted_data.dbt_unique_key is null
    

            or (
    
        snapshotted_data.dbt_unique_key is not null
    
 and (
                (snapshotted_data.dbt_valid_from < source_data.product_updated_timestamp)
            )

        )

    ),

    updates as (

        select
            'update' as dbt_change_type,
            source_data.*,
            snapshotted_data.dbt_scd_id

        from updates_source_data as source_data
        join snapshotted_data
            on 
    
        snapshotted_data.dbt_unique_key = source_data.dbt_unique_key
    

        where (
            (snapshotted_data.dbt_valid_from < source_data.product_updated_timestamp)
        )
    )

    select * from insertions
    union all
    select * from updates

  
    
[0m07:32:46.477822 [debug] [Thread-5 (]: SQL status: OK in 0.690 seconds
[0m07:32:46.480663 [debug] [Thread-5 (]: Databricks adapter: Cursor(session-id=01f1a1e9-7ea1-18c4-8370-5801217bd1f4, command-id=01f1a1e9-7f90-1046-95c1-f35205d40672) - Closing
[0m07:32:46.484504 [debug] [Thread-5 (]: Using databricks connection "snapshot.walmart_project.dim_products"
[0m07:32:46.486449 [debug] [Thread-5 (]: On snapshot.walmart_project.dim_products: /* {"app": "dbt", "dbt_version": "1.12.0", "dbt_databricks_version": "1.12.4", "databricks_sql_connector_version": "4.4.0", "profile_name": "walmart_project", "target_name": "dev", "invocation_id": "4c85d13a-5086-4a4a-bbf3-cb0582f23d74", "node_id": "snapshot.walmart_project.dim_products"} */

    
  DESCRIBE TABLE EXTENDED `dim_products__dbt_tmp` AS JSON

  
[0m07:32:46.889228 [debug] [Thread-5 (]: SQL status: OK in 0.400 seconds
[0m07:32:46.892953 [debug] [Thread-5 (]: Databricks adapter: Cursor(session-id=01f1a1e9-7ea1-18c4-8370-5801217bd1f4, command-id=01f1a1e9-7ffb-12a2-8952-0261b1d6cc65) - Closing
[0m07:32:46.896066 [debug] [Thread-5 (]: Using databricks connection "snapshot.walmart_project.dim_products"
[0m07:32:46.897983 [debug] [Thread-5 (]: On snapshot.walmart_project.dim_products: /* {"app": "dbt", "dbt_version": "1.12.0", "dbt_databricks_version": "1.12.4", "databricks_sql_connector_version": "4.4.0", "profile_name": "walmart_project", "target_name": "dev", "invocation_id": "4c85d13a-5086-4a4a-bbf3-cb0582f23d74", "node_id": "snapshot.walmart_project.dim_products"} */

    
  DESCRIBE TABLE EXTENDED `walmart`.`gold`.`dim_products` AS JSON

  
[0m07:32:47.642346 [debug] [Thread-5 (]: SQL status: OK in 0.740 seconds
[0m07:32:47.645775 [debug] [Thread-5 (]: Databricks adapter: Cursor(session-id=01f1a1e9-7ea1-18c4-8370-5801217bd1f4, command-id=01f1a1e9-8039-182e-9281-5fafba5a2c3e) - Closing
[0m07:32:47.649324 [debug] [Thread-5 (]: Using databricks connection "snapshot.walmart_project.dim_products"
[0m07:32:47.650983 [debug] [Thread-5 (]: On snapshot.walmart_project.dim_products: /* {"app": "dbt", "dbt_version": "1.12.0", "dbt_databricks_version": "1.12.4", "databricks_sql_connector_version": "4.4.0", "profile_name": "walmart_project", "target_name": "dev", "invocation_id": "4c85d13a-5086-4a4a-bbf3-cb0582f23d74", "node_id": "snapshot.walmart_project.dim_products"} */

    
  DESCRIBE TABLE EXTENDED `dim_products__dbt_tmp` AS JSON

  
[0m07:32:48.118340 [debug] [Thread-5 (]: SQL status: OK in 0.470 seconds
[0m07:32:48.123840 [debug] [Thread-5 (]: Databricks adapter: Cursor(session-id=01f1a1e9-7ea1-18c4-8370-5801217bd1f4, command-id=01f1a1e9-80b2-1a01-ad60-0c95d46972c0) - Closing
[0m07:32:48.127864 [debug] [Thread-5 (]: Using databricks connection "snapshot.walmart_project.dim_products"
[0m07:32:48.130218 [debug] [Thread-5 (]: On snapshot.walmart_project.dim_products: /* {"app": "dbt", "dbt_version": "1.12.0", "dbt_databricks_version": "1.12.4", "databricks_sql_connector_version": "4.4.0", "profile_name": "walmart_project", "target_name": "dev", "invocation_id": "4c85d13a-5086-4a4a-bbf3-cb0582f23d74", "node_id": "snapshot.walmart_project.dim_products"} */

    
  DESCRIBE TABLE EXTENDED `walmart`.`gold`.`dim_products` AS JSON

  
[0m07:32:48.732277 [debug] [Thread-5 (]: SQL status: OK in 0.600 seconds
[0m07:32:48.735850 [debug] [Thread-5 (]: Databricks adapter: Cursor(session-id=01f1a1e9-7ea1-18c4-8370-5801217bd1f4, command-id=01f1a1e9-80f6-1248-9e78-11dd0395cc1b) - Closing
[0m07:32:48.739006 [debug] [Thread-5 (]: Using databricks connection "snapshot.walmart_project.dim_products"
[0m07:32:48.740867 [debug] [Thread-5 (]: On snapshot.walmart_project.dim_products: /* {"app": "dbt", "dbt_version": "1.12.0", "dbt_databricks_version": "1.12.4", "databricks_sql_connector_version": "4.4.0", "profile_name": "walmart_project", "target_name": "dev", "invocation_id": "4c85d13a-5086-4a4a-bbf3-cb0582f23d74", "node_id": "snapshot.walmart_project.dim_products"} */

    
  DESCRIBE TABLE EXTENDED `dim_products__dbt_tmp` AS JSON

  
[0m07:32:49.140239 [debug] [Thread-5 (]: SQL status: OK in 0.400 seconds
[0m07:32:49.144269 [debug] [Thread-5 (]: Databricks adapter: Cursor(session-id=01f1a1e9-7ea1-18c4-8370-5801217bd1f4, command-id=01f1a1e9-8152-11a8-ae55-d7a331963ee6) - Closing
[0m07:32:49.147166 [debug] [Thread-5 (]: Using databricks connection "snapshot.walmart_project.dim_products"
[0m07:32:49.148873 [debug] [Thread-5 (]: On snapshot.walmart_project.dim_products: /* {"app": "dbt", "dbt_version": "1.12.0", "dbt_databricks_version": "1.12.4", "databricks_sql_connector_version": "4.4.0", "profile_name": "walmart_project", "target_name": "dev", "invocation_id": "4c85d13a-5086-4a4a-bbf3-cb0582f23d74", "node_id": "snapshot.walmart_project.dim_products"} */
select * from (
        
    
    with snapshot_query as (

        with __dbt__cte__eph_products as (
select 
    distinct
    product_id,
    product_name,
    category,
    brand,
    price,
    product_created_timestamp,
    product_updated_timestamp,
    product_is_active,
    product_processed_at,
    current_timestamp() AS product_gold_processed_at

FROM 
    `walmart`.`silver_b`.`obt_b`
) select * from __dbt__cte__eph_products

    ),

    snapshotted_data as (

        select *, 
    
        product_id as dbt_unique_key
    

        from `walmart`.`gold`.`dim_products`
        where
            
                
                

                
                ( (dbt_valid_to = to_date('9999-12-31'))
 or dbt_valid_to is null )
            

    ),

    insertions_source_data as (

        select *, 
    
        product_id as dbt_unique_key
    
,
            product_updated_timestamp as dbt_updated_at,
            product_updated_timestamp as dbt_valid_from,
            
  
  coalesce(nullif(product_updated_timestamp, product_updated_timestamp), to_date('9999-12-31'))
  as dbt_valid_to
,
            md5(coalesce(cast(product_id as string ), '')
         || '|' || coalesce(cast(product_updated_timestamp as string ), '')
        ) as dbt_scd_id

        from snapshot_query
    ),

    updates_source_data as (

        select *, 
    
        product_id as dbt_unique_key
    
,
            product_updated_timestamp as dbt_updated_at,
            product_updated_timestamp as dbt_valid_from,
            product_updated_timestamp as dbt_valid_to

        from snapshot_query
    ),

    insertions as (

        select
            'insert' as dbt_change_type,
            source_data.*

        from insertions_source_data as source_data
        left outer join snapshotted_data
            on 
    
        snapshotted_data.dbt_unique_key = source_data.dbt_unique_key
    

            where 
    
        snapshotted_data.dbt_unique_key is null
    

            or (
    
        snapshotted_data.dbt_unique_key is not null
    
 and (
                (snapshotted_data.dbt_valid_from < source_data.product_updated_timestamp)
            )

        )

    ),

    updates as (

        select
            'update' as dbt_change_type,
            source_data.*,
            snapshotted_data.dbt_scd_id

        from updates_source_data as source_data
        join snapshotted_data
            on 
    
        snapshotted_data.dbt_unique_key = source_data.dbt_unique_key
    

        where (
            (snapshotted_data.dbt_valid_from < source_data.product_updated_timestamp)
        )
    )

    select * from insertions
    union all
    select * from updates

    ) as __dbt_sbq
    where false
    limit 0

[0m07:32:49.980563 [debug] [Thread-5 (]: SQL status: OK in 0.830 seconds
[0m07:32:49.983741 [debug] [Thread-5 (]: Using databricks connection "snapshot.walmart_project.dim_products"
[0m07:32:49.985966 [debug] [Thread-5 (]: On snapshot.walmart_project.dim_products: /* {"app": "dbt", "dbt_version": "1.12.0", "dbt_databricks_version": "1.12.4", "databricks_sql_connector_version": "4.4.0", "profile_name": "walmart_project", "target_name": "dev", "invocation_id": "4c85d13a-5086-4a4a-bbf3-cb0582f23d74", "node_id": "snapshot.walmart_project.dim_products"} */
select * from (
        select 
    current_timestamp()
 as dbt_snapshot_time
    ) as __dbt_sbq
    where false
    limit 0

[0m07:32:49.988212 [debug] [Thread-5 (]: Databricks adapter: Cursor(session-id=01f1a1e9-7ea1-18c4-8370-5801217bd1f4, command-id=01f1a1e9-8191-1139-8b20-cef9b725b42c) - Closing
[0m07:32:50.384174 [debug] [Thread-5 (]: SQL status: OK in 0.400 seconds
[0m07:32:50.387220 [debug] [Thread-5 (]: Writing runtime sql for node "snapshot.walmart_project.dim_products"
[0m07:32:50.413865 [debug] [Thread-5 (]: Using databricks connection "snapshot.walmart_project.dim_products"
[0m07:32:50.415820 [debug] [Thread-5 (]: On snapshot.walmart_project.dim_products: /* {"app": "dbt", "dbt_version": "1.12.0", "dbt_databricks_version": "1.12.4", "databricks_sql_connector_version": "4.4.0", "profile_name": "walmart_project", "target_name": "dev", "invocation_id": "4c85d13a-5086-4a4a-bbf3-cb0582f23d74", "node_id": "snapshot.walmart_project.dim_products"} */

      merge into `walmart`.`gold`.`dim_products` as DBT_INTERNAL_DEST
        using `dim_products__dbt_tmp` as DBT_INTERNAL_SOURCE
    on DBT_INTERNAL_SOURCE.`dbt_scd_id` = DBT_INTERNAL_DEST.`dbt_scd_id`
    when matched
        and ( DBT_INTERNAL_DEST.`dbt_valid_to` = to_date('9999-12-31') or
                DBT_INTERNAL_DEST.`dbt_valid_to` is null )
        and DBT_INTERNAL_SOURCE.`dbt_change_type` in ('update', 'delete')
        then update
        set `dbt_valid_to` = DBT_INTERNAL_SOURCE.`dbt_valid_to`

    when not matched
        and DBT_INTERNAL_SOURCE.`dbt_change_type` = 'insert'
        then insert (`product_id`, `product_name`, `category`, `brand`, `price`, `product_created_timestamp`, `product_updated_timestamp`, `product_is_active`, `product_processed_at`, `product_gold_processed_at`, `dbt_updated_at`, `dbt_valid_from`, `dbt_valid_to`, `dbt_scd_id`)
        values (`product_id`, `product_name`, `category`, `brand`, `price`, `product_created_timestamp`, `product_updated_timestamp`, `product_is_active`, `product_processed_at`, `product_gold_processed_at`, `dbt_updated_at`, `dbt_valid_from`, `dbt_valid_to`, `dbt_scd_id`)
    ;

  
[0m07:32:50.417901 [debug] [Thread-5 (]: Databricks adapter: Cursor(session-id=01f1a1e9-7ea1-18c4-8370-5801217bd1f4, command-id=01f1a1e9-8210-1b7c-ac53-8255c2f321f4) - Closing
[0m07:32:53.646671 [debug] [Thread-5 (]: SQL status: OK in 3.230 seconds
[0m07:32:53.648760 [debug] [Thread-5 (]: Databricks adapter: Cursor(session-id=01f1a1e9-7ea1-18c4-8370-5801217bd1f4, command-id=01f1a1e9-8257-1907-aeff-d6dc3b45f48b) - Closing
[0m07:32:53.652693 [debug] [Thread-5 (]: Applying DROP to: `dim_products__dbt_tmp`
[0m07:32:53.654387 [debug] [Thread-5 (]: Using databricks connection "snapshot.walmart_project.dim_products"
[0m07:32:53.655800 [debug] [Thread-5 (]: On snapshot.walmart_project.dim_products: /* {"app": "dbt", "dbt_version": "1.12.0", "dbt_databricks_version": "1.12.4", "databricks_sql_connector_version": "4.4.0", "profile_name": "walmart_project", "target_name": "dev", "invocation_id": "4c85d13a-5086-4a4a-bbf3-cb0582f23d74", "node_id": "snapshot.walmart_project.dim_products"} */
DROP VIEW IF EXISTS `dim_products__dbt_tmp`
[0m07:32:54.057984 [debug] [Thread-5 (]: SQL status: OK in 0.400 seconds
[0m07:32:54.060402 [debug] [Thread-5 (]: Databricks adapter: Cursor(session-id=01f1a1e9-7ea1-18c4-8370-5801217bd1f4, command-id=01f1a1e9-8440-1893-b0fc-6c80f1099e65) - Closing
[0m07:32:54.063316 [debug] [Thread-5 (]: On snapshot.walmart_project.dim_products: Close
[0m07:32:54.064854 [debug] [Thread-5 (]: Databricks adapter: Connection(session-id=01f1a1e9-7ea1-18c4-8370-5801217bd1f4) - Closing
[0m07:32:54.467748 [debug] [Thread-5 (]: Sending event: {'category': 'dbt', 'action': 'run_model', 'label': '4c85d13a-5086-4a4a-bbf3-cb0582f23d74', 'context': [<snowplow_tracker.self_describing_json.SelfDescribingJson object at 0x7b34afebd350>]}
[0m07:32:54.470319 [info ] [Thread-5 (]: 4 of 5 OK snapshotted gold.dim_products ........................................ [[32mOK[0m in 11.46s]
[0m07:32:54.472532 [debug] [Thread-5 (]: Finished running node snapshot.walmart_project.dim_products
[0m07:32:54.474464 [debug] [Thread-5 (]: Began running node snapshot.walmart_project.dim_stores
[0m07:32:54.476528 [info ] [Thread-5 (]: 5 of 5 START snapshot gold.dim_stores .......................................... [RUN]
[0m07:32:54.479310 [debug] [Thread-5 (]: Databricks adapter: DatabricksDBTConnection(session-id=None, name=snapshot.walmart_project.dim_stores) - Creating connection
[0m07:32:54.481351 [debug] [Thread-5 (]: Acquiring new databricks connection 'snapshot.walmart_project.dim_stores'
[0m07:32:54.482986 [debug] [Thread-5 (]: Began compiling node snapshot.walmart_project.dim_stores
[0m07:32:54.490143 [debug] [Thread-5 (]: Writing injected SQL for node "snapshot.walmart_project.dim_stores"
[0m07:32:54.506726 [debug] [Thread-5 (]: Writing injected SQL for node "snapshot.walmart_project.dim_stores"
[0m07:32:54.531250 [debug] [Thread-5 (]: Began executing node snapshot.walmart_project.dim_stores
[0m07:32:54.536568 [debug] [Thread-5 (]: Using databricks connection "snapshot.walmart_project.dim_stores"
[0m07:32:54.538517 [debug] [Thread-5 (]: On snapshot.walmart_project.dim_stores: /* {"app": "dbt", "dbt_version": "1.12.0", "dbt_databricks_version": "1.12.4", "databricks_sql_connector_version": "4.4.0", "profile_name": "walmart_project", "target_name": "dev", "invocation_id": "4c85d13a-5086-4a4a-bbf3-cb0582f23d74", "node_id": "snapshot.walmart_project.dim_stores"} */

    
  DESCRIBE TABLE EXTENDED `walmart`.`gold`.`dim_stores` AS JSON

  
[0m07:32:54.540154 [debug] [Thread-5 (]: Opening a new connection, currently in state init
[0m07:32:56.070515 [debug] [Thread-5 (]: Databricks adapter: Connection(session-id=01f1a1e9-8579-125d-b9d7-9274f892de29) - Created
[0m07:32:57.063485 [debug] [Thread-5 (]: SQL status: OK in 2.520 seconds
[0m07:32:57.067284 [debug] [Thread-5 (]: Databricks adapter: Cursor(session-id=01f1a1e9-8579-125d-b9d7-9274f892de29, command-id=01f1a1e9-85b4-1d13-bedc-ad8ebbe21d7e) - Closing
[0m07:32:57.071899 [debug] [Thread-5 (]: Using databricks connection "snapshot.walmart_project.dim_stores"
[0m07:32:57.073436 [debug] [Thread-5 (]: On snapshot.walmart_project.dim_stores: /* {"app": "dbt", "dbt_version": "1.12.0", "dbt_databricks_version": "1.12.4", "databricks_sql_connector_version": "4.4.0", "profile_name": "walmart_project", "target_name": "dev", "invocation_id": "4c85d13a-5086-4a4a-bbf3-cb0582f23d74", "node_id": "snapshot.walmart_project.dim_stores"} */

        
  
    create or replace temporary view `dim_stores__dbt_tmp` as
      
    
    with snapshot_query as (

        with __dbt__cte__eph_stores as (
select 
    distinct
    store_id,
    store_name,
    store_city,
    store_province,
    store_country,
    store_created_timestamp,
    store_updated_timestamp,
    store_is_active,
    store_processed_at,
    current_timestamp() AS store_gold_processed_at

FROM 
    `walmart`.`silver_b`.`obt_b`
) select * from __dbt__cte__eph_stores

    ),

    snapshotted_data as (

        select *, 
    
        store_id as dbt_unique_key
    

        from `walmart`.`gold`.`dim_stores`
        where
            
                
                

                
                ( (dbt_valid_to = to_date('9999-12-31'))
 or dbt_valid_to is null )
            

    ),

    insertions_source_data as (

        select *, 
    
        store_id as dbt_unique_key
    
,
            store_updated_timestamp as dbt_updated_at,
            store_updated_timestamp as dbt_valid_from,
            
  
  coalesce(nullif(store_updated_timestamp, store_updated_timestamp), to_date('9999-12-31'))
  as dbt_valid_to
,
            md5(coalesce(cast(store_id as string ), '')
         || '|' || coalesce(cast(store_updated_timestamp as string ), '')
        ) as dbt_scd_id

        from snapshot_query
    ),

    updates_source_data as (

        select *, 
    
        store_id as dbt_unique_key
    
,
            store_updated_timestamp as dbt_updated_at,
            store_updated_timestamp as dbt_valid_from,
            store_updated_timestamp as dbt_valid_to

        from snapshot_query
    ),

    insertions as (

        select
            'insert' as dbt_change_type,
            source_data.*

        from insertions_source_data as source_data
        left outer join snapshotted_data
            on 
    
        snapshotted_data.dbt_unique_key = source_data.dbt_unique_key
    

            where 
    
        snapshotted_data.dbt_unique_key is null
    

            or (
    
        snapshotted_data.dbt_unique_key is not null
    
 and (
                (snapshotted_data.dbt_valid_from < source_data.store_updated_timestamp)
            )

        )

    ),

    updates as (

        select
            'update' as dbt_change_type,
            source_data.*,
            snapshotted_data.dbt_scd_id

        from updates_source_data as source_data
        join snapshotted_data
            on 
    
        snapshotted_data.dbt_unique_key = source_data.dbt_unique_key
    

        where (
            (snapshotted_data.dbt_valid_from < source_data.store_updated_timestamp)
        )
    )

    select * from insertions
    union all
    select * from updates

  
    
[0m07:32:57.877035 [debug] [Thread-5 (]: SQL status: OK in 0.800 seconds
[0m07:32:57.879625 [debug] [Thread-5 (]: Databricks adapter: Cursor(session-id=01f1a1e9-8579-125d-b9d7-9274f892de29, command-id=01f1a1e9-8650-1b4d-b64e-7df09135a5f3) - Closing
[0m07:32:57.883390 [debug] [Thread-5 (]: Using databricks connection "snapshot.walmart_project.dim_stores"
[0m07:32:57.885280 [debug] [Thread-5 (]: On snapshot.walmart_project.dim_stores: /* {"app": "dbt", "dbt_version": "1.12.0", "dbt_databricks_version": "1.12.4", "databricks_sql_connector_version": "4.4.0", "profile_name": "walmart_project", "target_name": "dev", "invocation_id": "4c85d13a-5086-4a4a-bbf3-cb0582f23d74", "node_id": "snapshot.walmart_project.dim_stores"} */

    
  DESCRIBE TABLE EXTENDED `dim_stores__dbt_tmp` AS JSON

  
[0m07:32:58.358343 [debug] [Thread-5 (]: SQL status: OK in 0.470 seconds
[0m07:32:58.362068 [debug] [Thread-5 (]: Databricks adapter: Cursor(session-id=01f1a1e9-8579-125d-b9d7-9274f892de29, command-id=01f1a1e9-86ce-131e-8059-db7452888611) - Closing
[0m07:32:58.364948 [debug] [Thread-5 (]: Using databricks connection "snapshot.walmart_project.dim_stores"
[0m07:32:58.366725 [debug] [Thread-5 (]: On snapshot.walmart_project.dim_stores: /* {"app": "dbt", "dbt_version": "1.12.0", "dbt_databricks_version": "1.12.4", "databricks_sql_connector_version": "4.4.0", "profile_name": "walmart_project", "target_name": "dev", "invocation_id": "4c85d13a-5086-4a4a-bbf3-cb0582f23d74", "node_id": "snapshot.walmart_project.dim_stores"} */

    
  DESCRIBE TABLE EXTENDED `walmart`.`gold`.`dim_stores` AS JSON

  
[0m07:32:59.173367 [debug] [Thread-5 (]: SQL status: OK in 0.800 seconds
[0m07:32:59.177094 [debug] [Thread-5 (]: Databricks adapter: Cursor(session-id=01f1a1e9-8579-125d-b9d7-9274f892de29, command-id=01f1a1e9-8711-11a8-b408-3317b17eac1f) - Closing
[0m07:32:59.180546 [debug] [Thread-5 (]: Using databricks connection "snapshot.walmart_project.dim_stores"
[0m07:32:59.182406 [debug] [Thread-5 (]: On snapshot.walmart_project.dim_stores: /* {"app": "dbt", "dbt_version": "1.12.0", "dbt_databricks_version": "1.12.4", "databricks_sql_connector_version": "4.4.0", "profile_name": "walmart_project", "target_name": "dev", "invocation_id": "4c85d13a-5086-4a4a-bbf3-cb0582f23d74", "node_id": "snapshot.walmart_project.dim_stores"} */

    
  DESCRIBE TABLE EXTENDED `dim_stores__dbt_tmp` AS JSON

  
[0m07:32:59.590620 [debug] [Thread-5 (]: SQL status: OK in 0.410 seconds
[0m07:32:59.597983 [debug] [Thread-5 (]: Databricks adapter: Cursor(session-id=01f1a1e9-8579-125d-b9d7-9274f892de29, command-id=01f1a1e9-878d-1cef-8733-8f6e5ad2056d) - Closing
[0m07:32:59.604032 [debug] [Thread-5 (]: Using databricks connection "snapshot.walmart_project.dim_stores"
[0m07:32:59.606578 [debug] [Thread-5 (]: On snapshot.walmart_project.dim_stores: /* {"app": "dbt", "dbt_version": "1.12.0", "dbt_databricks_version": "1.12.4", "databricks_sql_connector_version": "4.4.0", "profile_name": "walmart_project", "target_name": "dev", "invocation_id": "4c85d13a-5086-4a4a-bbf3-cb0582f23d74", "node_id": "snapshot.walmart_project.dim_stores"} */

    
  DESCRIBE TABLE EXTENDED `walmart`.`gold`.`dim_stores` AS JSON

  
[0m07:33:00.709340 [debug] [Thread-5 (]: SQL status: OK in 1.100 seconds
[0m07:33:00.712841 [debug] [Thread-5 (]: Databricks adapter: Cursor(session-id=01f1a1e9-8579-125d-b9d7-9274f892de29, command-id=01f1a1e9-87ce-15e8-8f4e-05c614cb7710) - Closing
[0m07:33:00.717022 [debug] [Thread-5 (]: Using databricks connection "snapshot.walmart_project.dim_stores"
[0m07:33:00.718918 [debug] [Thread-5 (]: On snapshot.walmart_project.dim_stores: /* {"app": "dbt", "dbt_version": "1.12.0", "dbt_databricks_version": "1.12.4", "databricks_sql_connector_version": "4.4.0", "profile_name": "walmart_project", "target_name": "dev", "invocation_id": "4c85d13a-5086-4a4a-bbf3-cb0582f23d74", "node_id": "snapshot.walmart_project.dim_stores"} */

    
  DESCRIBE TABLE EXTENDED `dim_stores__dbt_tmp` AS JSON

  
[0m07:33:01.119812 [debug] [Thread-5 (]: SQL status: OK in 0.400 seconds
[0m07:33:01.123302 [debug] [Thread-5 (]: Databricks adapter: Cursor(session-id=01f1a1e9-8579-125d-b9d7-9274f892de29, command-id=01f1a1e9-8877-16fb-ae5a-df0405780e80) - Closing
[0m07:33:01.150419 [debug] [Thread-5 (]: Using databricks connection "snapshot.walmart_project.dim_stores"
[0m07:33:01.152048 [debug] [Thread-5 (]: On snapshot.walmart_project.dim_stores: /* {"app": "dbt", "dbt_version": "1.12.0", "dbt_databricks_version": "1.12.4", "databricks_sql_connector_version": "4.4.0", "profile_name": "walmart_project", "target_name": "dev", "invocation_id": "4c85d13a-5086-4a4a-bbf3-cb0582f23d74", "node_id": "snapshot.walmart_project.dim_stores"} */
select * from (
        
    
    with snapshot_query as (

        with __dbt__cte__eph_stores as (
select 
    distinct
    store_id,
    store_name,
    store_city,
    store_province,
    store_country,
    store_created_timestamp,
    store_updated_timestamp,
    store_is_active,
    store_processed_at,
    current_timestamp() AS store_gold_processed_at

FROM 
    `walmart`.`silver_b`.`obt_b`
) select * from __dbt__cte__eph_stores

    ),

    snapshotted_data as (

        select *, 
    
        store_id as dbt_unique_key
    

        from `walmart`.`gold`.`dim_stores`
        where
            
                
                

                
                ( (dbt_valid_to = to_date('9999-12-31'))
 or dbt_valid_to is null )
            

    ),

    insertions_source_data as (

        select *, 
    
        store_id as dbt_unique_key
    
,
            store_updated_timestamp as dbt_updated_at,
            store_updated_timestamp as dbt_valid_from,
            
  
  coalesce(nullif(store_updated_timestamp, store_updated_timestamp), to_date('9999-12-31'))
  as dbt_valid_to
,
            md5(coalesce(cast(store_id as string ), '')
         || '|' || coalesce(cast(store_updated_timestamp as string ), '')
        ) as dbt_scd_id

        from snapshot_query
    ),

    updates_source_data as (

        select *, 
    
        store_id as dbt_unique_key
    
,
            store_updated_timestamp as dbt_updated_at,
            store_updated_timestamp as dbt_valid_from,
            store_updated_timestamp as dbt_valid_to

        from snapshot_query
    ),

    insertions as (

        select
            'insert' as dbt_change_type,
            source_data.*

        from insertions_source_data as source_data
        left outer join snapshotted_data
            on 
    
        snapshotted_data.dbt_unique_key = source_data.dbt_unique_key
    

            where 
    
        snapshotted_data.dbt_unique_key is null
    

            or (
    
        snapshotted_data.dbt_unique_key is not null
    
 and (
                (snapshotted_data.dbt_valid_from < source_data.store_updated_timestamp)
            )

        )

    ),

    updates as (

        select
            'update' as dbt_change_type,
            source_data.*,
            snapshotted_data.dbt_scd_id

        from updates_source_data as source_data
        join snapshotted_data
            on 
    
        snapshotted_data.dbt_unique_key = source_data.dbt_unique_key
    

        where (
            (snapshotted_data.dbt_valid_from < source_data.store_updated_timestamp)
        )
    )

    select * from insertions
    union all
    select * from updates

    ) as __dbt_sbq
    where false
    limit 0

[0m07:33:01.873068 [debug] [Thread-5 (]: SQL status: OK in 0.720 seconds
[0m07:33:01.875613 [debug] [Thread-5 (]: Using databricks connection "snapshot.walmart_project.dim_stores"
[0m07:33:01.877483 [debug] [Thread-5 (]: On snapshot.walmart_project.dim_stores: /* {"app": "dbt", "dbt_version": "1.12.0", "dbt_databricks_version": "1.12.4", "databricks_sql_connector_version": "4.4.0", "profile_name": "walmart_project", "target_name": "dev", "invocation_id": "4c85d13a-5086-4a4a-bbf3-cb0582f23d74", "node_id": "snapshot.walmart_project.dim_stores"} */
select * from (
        select 
    current_timestamp()
 as dbt_snapshot_time
    ) as __dbt_sbq
    where false
    limit 0

[0m07:33:01.879121 [debug] [Thread-5 (]: Databricks adapter: Cursor(session-id=01f1a1e9-8579-125d-b9d7-9274f892de29, command-id=01f1a1e9-88ba-16f6-ae97-80e130b194fe) - Closing
[0m07:33:02.348672 [debug] [Thread-5 (]: SQL status: OK in 0.470 seconds
[0m07:33:02.350517 [debug] [Thread-5 (]: Writing runtime sql for node "snapshot.walmart_project.dim_stores"
[0m07:33:02.368044 [debug] [Thread-5 (]: Using databricks connection "snapshot.walmart_project.dim_stores"
[0m07:33:02.369945 [debug] [Thread-5 (]: On snapshot.walmart_project.dim_stores: /* {"app": "dbt", "dbt_version": "1.12.0", "dbt_databricks_version": "1.12.4", "databricks_sql_connector_version": "4.4.0", "profile_name": "walmart_project", "target_name": "dev", "invocation_id": "4c85d13a-5086-4a4a-bbf3-cb0582f23d74", "node_id": "snapshot.walmart_project.dim_stores"} */

      merge into `walmart`.`gold`.`dim_stores` as DBT_INTERNAL_DEST
        using `dim_stores__dbt_tmp` as DBT_INTERNAL_SOURCE
    on DBT_INTERNAL_SOURCE.`dbt_scd_id` = DBT_INTERNAL_DEST.`dbt_scd_id`
    when matched
        and ( DBT_INTERNAL_DEST.`dbt_valid_to` = to_date('9999-12-31') or
                DBT_INTERNAL_DEST.`dbt_valid_to` is null )
        and DBT_INTERNAL_SOURCE.`dbt_change_type` in ('update', 'delete')
        then update
        set `dbt_valid_to` = DBT_INTERNAL_SOURCE.`dbt_valid_to`

    when not matched
        and DBT_INTERNAL_SOURCE.`dbt_change_type` = 'insert'
        then insert (`store_id`, `store_name`, `store_city`, `store_province`, `store_country`, `store_created_timestamp`, `store_updated_timestamp`, `store_is_active`, `store_processed_at`, `store_gold_processed_at`, `dbt_updated_at`, `dbt_valid_from`, `dbt_valid_to`, `dbt_scd_id`)
        values (`store_id`, `store_name`, `store_city`, `store_province`, `store_country`, `store_created_timestamp`, `store_updated_timestamp`, `store_is_active`, `store_processed_at`, `store_gold_processed_at`, `dbt_updated_at`, `dbt_valid_from`, `dbt_valid_to`, `dbt_scd_id`)
    ;

  
[0m07:33:02.371866 [debug] [Thread-5 (]: Databricks adapter: Cursor(session-id=01f1a1e9-8579-125d-b9d7-9274f892de29, command-id=01f1a1e9-892f-1951-8956-5382ab184aac) - Closing
[0m07:33:05.838464 [debug] [Thread-5 (]: SQL status: OK in 3.470 seconds
[0m07:33:05.843879 [debug] [Thread-5 (]: Databricks adapter: Cursor(session-id=01f1a1e9-8579-125d-b9d7-9274f892de29, command-id=01f1a1e9-8973-1f07-9794-8c3e430a7156) - Closing
[0m07:33:05.851724 [debug] [Thread-5 (]: Applying DROP to: `dim_stores__dbt_tmp`
[0m07:33:05.855639 [debug] [Thread-5 (]: Using databricks connection "snapshot.walmart_project.dim_stores"
[0m07:33:05.858422 [debug] [Thread-5 (]: On snapshot.walmart_project.dim_stores: /* {"app": "dbt", "dbt_version": "1.12.0", "dbt_databricks_version": "1.12.4", "databricks_sql_connector_version": "4.4.0", "profile_name": "walmart_project", "target_name": "dev", "invocation_id": "4c85d13a-5086-4a4a-bbf3-cb0582f23d74", "node_id": "snapshot.walmart_project.dim_stores"} */
DROP VIEW IF EXISTS `dim_stores__dbt_tmp`
[0m07:33:06.276959 [debug] [Thread-5 (]: SQL status: OK in 0.420 seconds
[0m07:33:06.279385 [debug] [Thread-5 (]: Databricks adapter: Cursor(session-id=01f1a1e9-8579-125d-b9d7-9274f892de29, command-id=01f1a1e9-8b88-145d-97b2-b601a375a401) - Closing
[0m07:33:06.282373 [debug] [Thread-5 (]: On snapshot.walmart_project.dim_stores: Close
[0m07:33:06.283817 [debug] [Thread-5 (]: Databricks adapter: Connection(session-id=01f1a1e9-8579-125d-b9d7-9274f892de29) - Closing
[0m07:33:06.690213 [debug] [Thread-5 (]: Sending event: {'category': 'dbt', 'action': 'run_model', 'label': '4c85d13a-5086-4a4a-bbf3-cb0582f23d74', 'context': [<snowplow_tracker.self_describing_json.SelfDescribingJson object at 0x7b34af7e2b30>]}
[0m07:33:06.692592 [info ] [Thread-5 (]: 5 of 5 OK snapshotted gold.dim_stores .......................................... [[32mOK[0m in 12.21s]
[0m07:33:06.694648 [debug] [Thread-5 (]: Finished running node snapshot.walmart_project.dim_stores
[0m07:33:06.698801 [debug] [MainThread]: Databricks adapter: DatabricksDBTConnection(session-id=None, name=master) - Creating connection
[0m07:33:06.700350 [debug] [MainThread]: Acquiring new databricks connection 'master'
[0m07:33:06.702195 [info ] [MainThread]: 
[0m07:33:06.703907 [info ] [MainThread]: Finished running 5 snapshots in 0 hours 1 minutes and 15.53 seconds (75.53s).
[0m07:33:06.707323 [debug] [MainThread]: Command end result
[0m07:33:06.910934 [debug] [MainThread]: Wrote artifact WritableManifest to /opt/airflow/walmart_project/target/manifest.json
[0m07:33:06.923137 [debug] [MainThread]: Wrote artifact SemanticManifest to /opt/airflow/walmart_project/target/semantic_manifest.json
[0m07:33:06.936437 [debug] [MainThread]: Wrote artifact OsiDocument to /opt/airflow/walmart_project/target/osi_document.json
[0m07:33:06.960964 [debug] [MainThread]: Wrote artifact RunExecutionResult to /opt/airflow/walmart_project/target/run_results.json
[0m07:33:06.963096 [info ] [MainThread]: 
[0m07:33:06.965555 [info ] [MainThread]: [32mCompleted successfully[0m
[0m07:33:06.967710 [info ] [MainThread]: 
[0m07:33:06.970065 [info ] [MainThread]: Done. PASS=5 WARN=0 ERROR=0 SKIP=0 NO-OP=0 REUSED=0 TOTAL=5
[0m07:33:06.973639 [debug] [MainThread]: Resource report: {"command_name": "snapshot", "command_success": true, "command_wall_clock_time": 80.56791, "process_in_blocks": "2019", "process_kernel_time": 0.775723, "process_mem_max_rss": "304636", "process_out_blocks": "0", "process_user_time": 10.67219}
[0m07:33:06.976444 [debug] [MainThread]: Command `dbt snapshot` succeeded at 07:33:06.976148 after 80.57 seconds
[0m07:33:06.978220 [debug] [MainThread]: Sending event: {'category': 'dbt', 'action': 'invocation', 'label': 'end', 'context': [<snowplow_tracker.self_describing_json.SelfDescribingJson object at 0x7b34d61e3ad0>, <snowplow_tracker.self_describing_json.SelfDescribingJson object at 0x7b34af7b7e30>, <snowplow_tracker.self_describing_json.SelfDescribingJson object at 0x7b34af7b5550>]}
[0m07:33:06.979958 [debug] [MainThread]: Flushing usage events
[0m07:33:08.522666 [debug] [MainThread]: An error was encountered while trying to flush usage events
[0m07:33:14.686219 [debug] [MainThread]: Sending event: {'category': 'dbt', 'action': 'invocation', 'label': 'start', 'context': [<snowplow_tracker.self_describing_json.SelfDescribingJson object at 0x716a9939e3c0>, <snowplow_tracker.self_describing_json.SelfDescribingJson object at 0x716a9bff9090>, <snowplow_tracker.self_describing_json.SelfDescribingJson object at 0x716a97d6bc50>]}


============================== 07:33:14.691706 | 67917f13-f6dc-468f-9a3f-e04b5d7ca949 ==============================
[0m07:33:14.691706 [info ] [MainThread]: Running with dbt=1.12.0
[0m07:33:14.693651 [debug] [MainThread]: running dbt with arguments {'write_json': 'True', 'log_path': '/opt/airflow/walmart_project/logs', 'log_format': 'default', 'log_cache_events': 'False', 'profiles_dir': '/opt/airflow/walmart_project', 'empty': 'False', 'maximum_seed_size_mib': '1', 'no_print': 'None', 'partial_parse': 'True', 'printer_width': '80', 'introspect': 'True', 'send_anonymous_usage_stats': 'True', 'use_colors': 'True', 'use_experimental_parser': 'False', 'indirect_selection': 'eager', 'debug': 'False', 'fail_fast': 'False', 'invocation_command': 'dbt run --select gold/fact', 'static_parser': 'True', 'quiet': 'False', 'warn_error_options': 'WarnErrorOptionsV2(error=[], warn=[], silence=[])', 'warn_error': 'None', 'cache_selected_only': 'False', 'hints_enabled': 'True', 'target_path': 'None', 'version_check': 'True'}
[0m07:33:16.803319 [debug] [MainThread]: Spark adapter: Setting pyhive.hive logging to ERROR
[0m07:33:16.804858 [debug] [MainThread]: Spark adapter: Setting thrift.transport logging to ERROR
[0m07:33:16.806533 [debug] [MainThread]: Spark adapter: Setting thrift.protocol logging to ERROR
[0m07:33:18.427564 [debug] [MainThread]: Sending event: {'category': 'dbt', 'action': 'project_id', 'label': '67917f13-f6dc-468f-9a3f-e04b5d7ca949', 'context': [<snowplow_tracker.self_describing_json.SelfDescribingJson object at 0x716a99020e90>]}
[0m07:33:18.632216 [debug] [MainThread]: Sending event: {'category': 'dbt', 'action': 'adapter_info', 'label': '67917f13-f6dc-468f-9a3f-e04b5d7ca949', 'context': [<snowplow_tracker.self_describing_json.SelfDescribingJson object at 0x716a994f5590>]}
[0m07:33:18.635244 [info ] [MainThread]: Registered adapter: databricks=1.12.4
[0m07:33:18.857832 [debug] [MainThread]: checksum: 678a63b8c943f3e6b7f980b9e41a0fbb4f4f4ddaf0d88f2a1aa6f584106916d4, vars: {}, profile: walmart_project, target: dev, version: 1.12.0
[0m07:33:19.626510 [debug] [MainThread]: Partial parsing enabled: 0 files deleted, 0 files added, 0 files changed.
[0m07:33:19.628083 [debug] [MainThread]: Nothing changed, skipping partial parsing.
[0m07:33:19.629629 [debug] [MainThread]: Partial parsing enabled, no changes found, skipping parsing
[0m07:33:19.654252 [debug] [MainThread]: Sending event: {'category': 'dbt', 'action': 'load_project', 'label': '67917f13-f6dc-468f-9a3f-e04b5d7ca949', 'context': [<snowplow_tracker.self_describing_json.SelfDescribingJson object at 0x716a713b6b50>]}
[0m07:33:20.233237 [debug] [MainThread]: Wrote artifact WritableManifest to /opt/airflow/walmart_project/target/manifest.json
[0m07:33:20.248642 [debug] [MainThread]: Wrote artifact SemanticManifest to /opt/airflow/walmart_project/target/semantic_manifest.json
[0m07:33:20.286728 [debug] [MainThread]: Wrote artifact OsiDocument to /opt/airflow/walmart_project/target/osi_document.json
[0m07:33:20.320984 [debug] [MainThread]: Sending event: {'category': 'dbt', 'action': 'resource_counts', 'label': '67917f13-f6dc-468f-9a3f-e04b5d7ca949', 'context': [<snowplow_tracker.self_describing_json.SelfDescribingJson object at 0x716a71289d60>]}
[0m07:33:20.323674 [info ] [MainThread]: Found 13 models, 5 snapshots, 4 data tests, 6 sources, 774 macros
[0m07:33:20.325970 [debug] [MainThread]: Sending event: {'category': 'dbt', 'action': 'runnable_timing', 'label': '67917f13-f6dc-468f-9a3f-e04b5d7ca949', 'context': [<snowplow_tracker.self_describing_json.SelfDescribingJson object at 0x716a715ab690>]}
[0m07:33:20.331195 [warn ] [MainThread]: [[33mWARNING[0m]: The selection criterion 'gold/fact' does not match any enabled nodes
[0m07:33:20.338867 [warn ] [MainThread]: [[33mWARNING[0m]: Nothing to do. Try checking your model configs and model specification args
[0m07:33:20.346059 [debug] [MainThread]: Command end result
[0m07:33:20.605539 [debug] [MainThread]: Wrote artifact WritableManifest to /opt/airflow/walmart_project/target/manifest.json
[0m07:33:20.620017 [debug] [MainThread]: Wrote artifact SemanticManifest to /opt/airflow/walmart_project/target/semantic_manifest.json
[0m07:33:20.631130 [debug] [MainThread]: Wrote artifact OsiDocument to /opt/airflow/walmart_project/target/osi_document.json
[0m07:33:20.642937 [debug] [MainThread]: Wrote artifact RunExecutionResult to /opt/airflow/walmart_project/target/run_results.json
[0m07:33:20.645853 [debug] [MainThread]: Resource report: {"command_name": "run", "command_success": true, "command_wall_clock_time": 6.1446066, "process_in_blocks": "2067", "process_kernel_time": 0.473368, "process_mem_max_rss": "280000", "process_out_blocks": "0", "process_user_time": 8.207726}
[0m07:33:20.648722 [debug] [MainThread]: Command `dbt run` succeeded at 07:33:20.648342 after 6.15 seconds
[0m07:33:20.650745 [debug] [MainThread]: Sending event: {'category': 'dbt', 'action': 'invocation', 'label': 'end', 'context': [<snowplow_tracker.self_describing_json.SelfDescribingJson object at 0x716a712a1640>, <snowplow_tracker.self_describing_json.SelfDescribingJson object at 0x716a97ed4a10>, <snowplow_tracker.self_describing_json.SelfDescribingJson object at 0x716a7161c890>]}
[0m07:33:20.652570 [debug] [MainThread]: Flushing usage events
[0m07:33:21.843848 [debug] [MainThread]: An error was encountered while trying to flush usage events
